step,grad_norm,second_moment,thermostat_trigger,rayleigh_quotient,adaptive_threshold
1,14.322685241699219,2.1804775315104052e-05,0,-5.00924825668335,inf
2,12.574646949768066,3.859012576867826e-05,0,3.4045822620391846,inf
3,11.642304420471191,5.2958770538680255e-05,0,7.9970784187316895,inf
4,13.61543083190918,7.26103171473369e-05,0,-9.206912994384766,inf
5,10.058815002441406,8.329235424753278e-05,0,34.86534881591797,inf
6,9.094080924987793,9.19997037271969e-05,0,13.893352508544922,inf
7,8.653579711914062,9.986736404243857e-05,0,-14.82309341430664,inf
8,6.832052230834961,0.00010472890426171944,0,5.307231426239014,inf
9,6.516628742218018,0.00010913803998846561,0,-2.669626235961914,inf
10,6.52653694152832,0.00011355650349287316,0,1.774075984954834,inf
11,4.846129894256592,0.00011593922681640834,0,1.115336537361145,15.877318615504437
12,4.826223850250244,0.00011829909635707736,0,3.936452865600586,15.3947766310958
13,4.505143642425537,0.00012033815437462181,0,0.8547823429107666,14.74873002729769
14,4.264441967010498,0.0001221507991431281,0,3.2512428760528564,14.332740102369485
15,3.7675130367279053,0.00012353737838566303,0,2.1224615573883057,13.886976069332949
16,3.9074199199676514,0.00012503670586738735,0,11.943014144897461,14.312981829143594
17,3.161569833755493,0.00012597414024639875,0,0.9676495790481567,13.855778511640114
18,3.078911781311035,0.00012685576803050935,0,4.992532730102539,13.652276528118707
19,3.216862916946411,0.00012782885460183024,0,3.375669240951538,13.372604301295333
20,2.7142741680145264,0.00012848411279264838,0,2.6256041526794434,13.079121951215827
21,2.449037790298462,0.00012899315333925188,0,3.5685043334960938,12.850686724995185
22,2.4001810550689697,0.0001294765097554773,0,0.8329998254776001,12.53105287842937
23,2.3043837547302246,0.0001299114665016532,0,3.7291433811187744,12.344575597333133
24,1.870266079902649,0.0001301533484365791,0,2.1479294300079346,12.107245395157241
25,1.8788158893585205,0.0001303984026890248,0,1.6748969554901123,11.869299681643007
26,1.7810637950897217,0.00013060517085250467,0,1.5906087160110474,11.64349793546633
27,1.9352025985717773,0.00013087263505440205,0,1.8523192405700684,11.439167056816814
28,2.2543909549713135,0.00013128199498169124,0,9.352476119995117,11.590957951925057
29,1.7893502712249756,0.00013149103324394673,0,3.759669065475464,11.460989298680294
30,1.8686237335205078,0.0001317306887358427,0,3.885352849960327,11.341760872661803
31,1.9630337953567505,0.00013200854300521314,0,5.385491847991943,11.283690091083532
32,1.7151124477386475,0.00013218921958468854,0,2.2440378665924072,11.124972877075617
33,1.9746949672698975,0.00013247152674011886,0,3.7926113605499268,11.018227314528058
34,2.0726358890533447,0.0001327956560999155,0,9.767062187194824,11.16730690694434
35,1.7127352952957153,0.00013297465920913965,0,5.643364429473877,11.123408765073835
36,1.8964885473251343,0.00013322399172466248,0,7.2139739990234375,11.139634210021256
37,1.8357532024383545,0.00013344896433409303,0,7.289363384246826,11.155927248576486
38,2.8378822803497314,0.00013417156878858805,1,25.11611557006836,12.382805346164298
39,1.619948148727417,0.00013431633124127984,0,6.123411655426025,12.327602865746465
40,1.5364638566970825,0.00013443295028991997,0,5.756581783294678,12.262965532995175
41,2.0007193088531494,0.0001347239885944873,0,8.927046775817871,12.305247805902713
42,1.4565290212631226,0.00013481476344168186,0,6.507716178894043,12.263211829099301
43,1.8751003742218018,0.0001350536767859012,0,9.164412498474121,12.309058763447872
44,1.748358964920044,0.00013524355017580092,0,4.362762928009033,12.213669751626863
45,2.3375487327575684,0.00013568908616434783,0,11.096931457519531,12.329686274341917
46,2.3946313858032227,0.00013616291107609868,0,9.143522262573242,12.366310870020694
47,2.3483104705810547,0.00013661289995070547,1,14.58911418914795,12.621476190189703
48,1.6880993843078613,0.00013677918468602002,0,3.1709682941436768,12.507136894893858
49,2.5067262649536133,0.0001373103295918554,0,11.714248657226562,12.624048825862946
50,1.8330187797546387,0.00013753016537521034,0,5.5846266746521,12.55614876526942
51,2.236478567123413,0.00013792428944725543,0,6.376468181610107,12.507140254122149
52,2.3776397705078125,0.00013838725863024592,0,11.268134117126465,12.5985278737103
53,1.9613968133926392,0.00013865777873434126,0,2.8196351528167725,12.490177983066282
54,2.3248307704925537,0.00013909362314734608,1,17.21390151977539,12.821313219809305
55,2.590113639831543,0.00013966760889161378,1,24.554737091064453,13.535003496502572
56,2.4544615745544434,0.0001401682966388762,1,18.452634811401367,13.870254120388733
57,1.7308647632598877,0.0001403465576004237,0,9.403853416442871,13.870717422236197
58,1.791438341140747,0.0001405473449267447,0,5.526519775390625,13.792904238123665
59,1.6889398097991943,0.00014071000623516738,0,5.348026275634766,13.714455516771828
60,1.7354345321655273,0.00014088943134993315,0,3.4672279357910156,13.61421649816534
61,1.7934608459472656,0.00014109040785115212,0,11.350214958190918,13.667130421249748
62,1.6586726903915405,0.00014124176232144237,0,6.485758304595947,13.610901177868907
63,1.586451530456543,0.0001413680292898789,0,4.773150444030762,13.531104490356043
64,2.081166982650757,0.0001416870509274304,0,11.799592971801758,13.59366218184891
65,1.8027490377426147,0.0001418908213963732,0,12.04292106628418,13.659811913092904
66,1.9559077024459839,0.00014215554983820766,0,7.501138687133789,13.622455670272146
67,2.004286527633667,0.00014244040357880294,0,8.149636268615723,13.597336253756467
68,2.131406784057617,0.00014278081653174013,0,11.445147514343262,13.64346156169555
69,2.068696975708008,0.00014309294056147337,0,8.674810409545898,13.627518539749488
70,2.8776698112487793,0.00014383003872353584,0,13.710793495178223,13.730188999084982
71,2.180464506149292,0.0001441915810573846,0,10.613485336303711,13.751370187105737
72,2.202418565750122,0.000144562975037843,0,12.73164176940918,13.821304425605517
73,2.692060708999634,0.000145188721944578,1,18.857934951782227,14.077713997130267
74,2.452622413635254,0.0001456829340895638,0,12.9522705078125,14.144174063184375
75,2.8562490940093994,0.00014640441804658622,1,22.2141056060791,14.510416569777934
76,1.7811857461929321,0.0001465952373109758,0,8.436166763305664,14.47940174915431
77,1.9093856811523438,0.00014683615881949663,0,7.9282636642456055,14.441435624408431
78,1.6908237934112549,0.00014699318853672594,0,5.442297458648682,14.374850160276205
79,2.2443511486053467,0.0001473816082580015,0,12.949217796325684,14.430407252376696
80,1.6044471263885498,0.00014750786067452282,0,3.3108460903167725,14.34973591731914
81,2.4889323711395264,0.00014801880752202123,0,7.64499568939209,14.310657578135377
82,1.9816267490386963,0.00014828819257672876,0,5.674660682678223,14.25031961253767
83,2.571916341781616,0.00014884299889672548,0,13.949207305908203,14.326969237159926
84,2.0898025035858154,0.00014915836800355464,0,12.809425354003906,14.375716758758685
85,1.6092543601989746,0.00014928446034900844,0,6.594170093536377,14.325626571498347
86,2.1594555377960205,0.00014963085413910449,0,13.947891235351562,14.3971839008196
87,1.7232494354248047,0.00014979689149186015,0,2.802598476409912,14.321539690172596
88,2.1527183055877686,0.00015013966185506433,0,7.31738805770874,14.281095619659439
89,2.4449644088745117,0.00015062491002026945,1,17.602418899536133,14.440832875481554
90,1.825951099395752,0.0001508286950411275,0,12.200453758239746,14.471679558168379
91,4.300909996032715,0.00015264404646586627,1,18.841951370239258,14.657315408064186
92,2.5720715522766113,0.00015319458907470107,0,13.262443542480469,14.703836162611804
93,2.296665906906128,0.00015360205725301057,0,11.348126411437988,14.714868376628797
94,2.0687522888183594,0.0001539033546578139,0,7.967540740966797,14.679786601935037
95,2.0426886081695557,0.00015419296687468886,0,11.781936645507812,14.697424593562083
96,1.993916392326355,0.0001544613769510761,0,7.349539756774902,14.656667152622036
97,2.6729142665863037,0.00015506631461903453,0,8.619261741638184,14.629931688731249
98,2.4337830543518066,0.00015554085257463157,1,22.809450149536133,14.913417401044594
99,2.4364936351776123,0.00015601632185280323,0,6.906497001647949,14.868235130645678
100,1.9004091024398804,0.00015624419029336423,0,4.066044807434082,14.805643970002826
101,2.383232831954956,0.0001566916616866365,0,7.523730278015137,14.806342779819275
102,2.5141215324401855,0.00015720684314146638,1,15.22978401184082,14.945341064109247
103,2.514468193054199,0.00015772166079841554,0,6.672850131988525,14.933769631691256
104,2.798060417175293,0.00015839612751733512,0,7.2886223793029785,14.869586681789674
105,2.0061581134796143,0.00015866552712395787,0,11.440101623535156,14.075449025695228
106,2.147765874862671,0.00015899717982392758,0,5.25089693069458,13.967187333377801
107,2.269949436187744,0.0001593858760315925,0,8.976422309875488,13.744068284906808
108,2.508129596710205,0.00015989513485692441,1,17.846830368041992,13.943353797472664
109,3.098156452178955,0.00016075550229288638,1,22.273969650268555,14.250387010331664
110,1.9945403337478638,0.00016101761138997972,0,7.019911766052246,14.262826241873132
111,3.0672221183776855,0.00016185657295864075,1,24.89795684814453,14.67700567976866
112,2.1177852153778076,0.00016217143274843693,0,4.836284160614014,14.678884726246597
113,2.923985242843628,0.00016291804786305875,0,10.527729988098145,14.719856836661457
114,2.2735579013824463,0.0001633045612834394,0,5.570569038391113,14.724117063950294
115,2.0869460105895996,0.00016360418521799147,0,5.900785446166992,14.728039408560875
116,2.310260534286499,0.00016400789900217205,0,13.812469482421875,14.759243567291318
117,2.7563345432281494,0.00016465144290123135,0,9.052303314208984,14.780442992627705
118,1.9174954891204834,0.00016487762331962585,0,8.031843185424805,14.796143766944414
119,2.2750778198242188,0.0001652628998272121,0,7.653292655944824,14.810199663373897
120,4.557879447937012,0.0001673057849984616,1,29.476499557495117,15.391970077235296
121,2.3885509967803955,0.0001677449035923928,0,10.762933731079102,15.434282846735268
122,2.2638638019561768,0.00016812191461212933,0,10.725882530212402,15.466998598761858
123,2.826749086380005,0.00016880311886779964,0,15.02706527709961,15.57242337613765
124,3.4103591442108154,0.0001698705746093765,1,19.2856388092041,15.767926479179735
125,3.3070595264434814,0.00017086318985093385,1,18.7935733795166,15.943785727631603
126,2.1060638427734375,0.000171163774211891,0,10.102849960327148,15.964387766032345
127,1.9119316339492798,0.00017138116527348757,0,5.700079441070557,15.959016778104717
128,3.0734505653381348,0.00017221384041476995,0,12.664693832397461,15.996261233299176
129,3.5985634326934814,0.00017341806960757822,1,24.485074996948242,16.33701117276139
130,2.646468162536621,0.0001739891158649698,0,10.02142333984375,16.360196923514543
131,2.7852165699005127,0.0001746396883390844,1,18.57030487060547,16.52221854281414
132,2.4521217346191406,0.00017510417092125863,0,12.337729454040527,16.562325231950883
133,2.758989095687866,0.00017573818331584334,0,14.86178207397461,16.64309111158827
134,2.3164708614349365,0.00017613283125683665,0,10.191712379455566,16.64662862978295
135,1.7409873008728027,0.00017627885972615331,0,12.449202537536621,16.69172761631755
136,3.6299490928649902,0.00017750314145814627,0,15.238518714904785,16.774552880428722
137,2.6538994312286377,0.00017807428957894444,1,19.930681228637695,16.955422876467985
138,1.8867958784103394,0.00017827462579589337,0,13.213191032409668,16.667892590922005
139,1.7402327060699463,0.00017841823864728212,0,12.670571327209473,16.713058193214486
140,1.9961585998535156,0.00017866336565930396,0,6.98878288269043,16.714748776796927
141,1.8506885766983032,0.00017884875705931336,0,5.796380519866943,16.704801803400287
142,2.077916383743286,0.00017912885232362896,0,4.499618053436279,16.70496742569743
143,2.8703598976135254,0.0001798254670575261,0,13.471796035766602,16.7494234869255
144,2.345254421234131,0.00018023027223534882,1,27.34758758544922,17.164547599983234
145,3.061382293701172,0.00018104624177794904,1,17.268592834472656,17.255706658894635
146,1.9665944576263428,0.00018127627845387906,1,17.682025909423828,17.369243760832557
147,1.80644690990448,0.00018144185014534742,0,13.527026176452637,17.354020636687803
148,2.2191717624664307,0.00018178387836087495,1,35.427276611328125,18.083667764677788
149,2.6700143814086914,0.0001823598431656137,1,19.36570167541504,18.204848987002336
150,2.841181993484497,0.00018303551769349724,1,52.406192779541016,19.823122905217634
151,2.3259012699127197,0.000183427517185919,0,18.83597755432129,19.950233101203235
152,3.531130075454712,0.0001845694350777194,1,40.392826080322266,20.740698319410612
153,3.0107176303863525,0.00018534834089223295,0,19.663814544677734,20.87397019603964
154,3.797915458679199,0.00018669618293642998,1,21.880126953125,20.959220496567447
155,2.603118658065796,0.00018722977256402373,0,13.666624069213867,20.765626011732834
156,1.9663997888565063,0.00018745353736449033,0,6.209193706512451,20.651358344893282
157,2.5840394496917725,0.00018797582015395164,0,5.612154483795166,20.63881383796662
158,2.2005836963653564,0.0001883025688584894,0,8.04748821258545,20.64487275227738
159,3.576864719390869,0.00018947417265735567,1,30.69305419921875,21.061417920701757
160,2.597827196121216,0.00019000204338226467,0,10.355098724365234,21.077284853704256
161,2.299356698989868,0.0001903740194393322,0,9.75849723815918,21.066437920109323
162,3.1821975708007812,0.00019125999824609607,1,31.954072952270508,21.51055280917619
163,2.4851417541503906,0.00019172520842403173,0,14.561712265014648,21.563697072729358
164,2.9590368270874023,0.00019246416923124343,1,25.831188201904297,21.795137176224316
165,3.2136144638061523,0.0001933694293256849,1,25.0141544342041,22.001600546852693
166,2.4085230827331543,0.00019379265722818673,0,15.554445266723633,22.060521086325814
167,3.6477527618408203,0.00019501318456605077,1,47.64265823364258,23.09490392461077
168,2.588900566101074,0.0001955306070158258,1,23.889211654663086,23.266979443411653
169,3.51813006401062,0.00019665068248286843,1,23.94914436340332,23.4525032430209
170,2.509751558303833,0.00019712356152012944,0,15.30913257598877,23.468556788489042
171,2.4678170680999756,0.00019757376867346466,0,7.471540927886963,23.456060786611822
172,4.782000541687012,0.00019980684737674892,1,49.3911247253418,24.4681440631147
173,2.5261518955230713,0.00020028534345328808,0,13.783944129943848,24.409345878836547
174,3.6205787658691406,0.0002014784113271162,0,18.583532333374023,24.471359134388905
175,2.8064310550689697,0.00020211409719195217,0,23.948923110961914,24.503530482253474
176,2.471409797668457,0.00020256120478734374,0,13.021337509155273,24.529769467821353
177,3.002506732940674,0.0002033168711932376,0,9.782743453979492,24.536704029207474
178,2.0876216888427734,0.0002035767975030467,0,6.387363910675049,24.537332439460222
179,2.240664005279541,0.00020390687859617174,0,6.0224080085754395,24.50676898379716
180,2.200143337249756,0.00020421748922672123,0,9.911918640136719,24.516183669975167
181,2.4969584941864014,0.0002046759909717366,0,13.603644371032715,24.548989587445856
182,3.0607717037200928,0.000205467120395042,0,8.508952140808105,24.553969031358406
183,2.845905065536499,0.00020612252410501242,0,18.81351089477539,24.60954011718167
184,2.226390838623047,0.00020644326286856085,0,10.690634727478027,24.59562147547672
185,2.1956231594085693,0.00020674924599006772,0,7.843418598175049,24.5979167433427
186,2.175100088119507,0.00020704537746496499,0,8.418746948242188,24.564710307418334
187,3.1127352714538574,0.000207868215511553,0,14.624242782592773,24.604591285176134
188,2.9101052284240723,0.00020856049377471209,0,23.40991973876953,24.768651230853557
189,3.724519968032837,0.00020982643764000386,1,25.77880859375,24.905205005500402
190,2.822267770767212,0.00021046325855422765,1,27.06365966796875,25.119146980094854
191,2.8675191402435303,0.00021112681133672595,0,15.549092292785645,25.080325995045776
192,2.37603759765625,0.00021151576947886497,0,16.194494247436523,25.10738391555877
193,3.0502164363861084,0.00021229317644611,0,16.68114471435547,25.152409057716486
194,2.8366453647613525,0.00021293616737239063,0,24.398515701293945,25.326316967007507
195,2.3302512168884277,0.0002133004309143871,0,15.599356651306152,25.356427763104
196,2.072098970413208,0.00021354352065827698,0,17.2454776763916,25.41936377931726
197,2.7358932495117188,0.00021412558271549642,0,9.999086380004883,25.42373922283874
198,3.2078425884246826,0.00021500523143913597,1,27.456491470336914,25.515050156172766
199,2.2357590198516846,0.00021532154642045498,0,15.393013954162598,25.557510504183156
200,2.069589853286743,0.00021556149295065552,0,16.175765991210938,25.603349686201575
201,2.3509392738342285,0.00021593338169623166,0,13.132938385009766,25.62508395931033
202,2.4780399799346924,0.00021637017198372632,1,29.597431182861328,25.862122102586163
203,3.532926321029663,0.00021748051221948117,0,21.757694244384766,25.978706157022224
204,2.7891414165496826,0.00021808991732541472,0,16.471826553344727,26.025845221768698
205,3.4764223098754883,0.00021915644174441695,1,26.542003631591797,26.21449994677147
206,1.8837536573410034,0.00021931447554379702,0,21.030986785888672,26.311767738042395
207,2.3778927326202393,0.00021969617228023708,1,33.20439147949219,26.658830086098593
208,3.33876371383667,0.00022066135716158897,1,55.49705123901367,27.770549805525015
209,2.767225980758667,0.00022125460964161903,1,31.255413055419922,27.940697176330833
210,2.6528453826904297,0.0002217814326286316,0,23.508426666259766,28.067608472994984
211,3.705261707305908,0.0002230189274996519,1,52.783477783203125,28.897511968989832
212,2.296536684036255,0.0002233565173810348,0,10.332048416137695,28.899572164039874
213,2.787517786026001,0.00022395906853489578,0,22.559024810791016,29.002302547460015
214,3.2974140644073486,0.00022489085677079856,1,34.81975555419922,29.345063597155175
215,3.6500988006591797,0.0002260820911033079,0,22.709388732910156,29.447103070319322
216,2.786020278930664,0.00022668101883027703,0,25.827470779418945,29.57963525382845
217,2.895585298538208,0.00022734556114301085,1,34.919837951660156,29.911988477474125
218,2.7046871185302734,0.00022789579816162586,0,21.62116050720215,29.99449663368822
219,2.5735068321228027,0.0002283718786202371,0,24.30218505859375,30.11067166103413
220,2.923375368118286,0.00022905190417077392,0,17.0748348236084,29.940434162754716
221,3.824152708053589,0.00023037729260977358,1,49.386016845703125,30.704135686814155
222,3.8184638023376465,0.00023169672931544483,1,48.529815673828125,31.412275540196685
223,4.581937789916992,0.0002336965553695336,1,45.072540283203125,31.9705679500168
224,3.660618543624878,0.0002348872076254338,1,50.766727447509766,32.671775868834615
225,2.3115010261535645,0.0002352202427573502,0,26.034421920776367,32.754930504668735
226,3.0271804332733154,0.0002359590434934944,0,14.67448902130127,32.769285893628016
227,3.1291754245758057,0.0002367638808209449,0,20.28389549255371,32.820714554011815
228,2.8518989086151123,0.00023739163589198142,0,18.241607666015625,32.85120562519936
229,3.8122618198394775,0.00023869903816375881,0,15.04244327545166,32.7654031315936
230,2.511371612548828,0.00023913073528092355,0,24.65671157836914,32.8683204246409
231,4.366148948669434,0.0002409178705420345,0,23.370027542114258,32.91628391797886
232,3.5283522605895996,0.0002420002274448052,0,15.599790573120117,32.929585264700364
233,2.3790950775146484,0.0002423598780296743,0,27.343048095703125,33.05444881873469
234,2.670365571975708,0.00024287546693813056,0,19.895578384399414,33.10108606564484
235,3.043955087661743,0.00024361745454370975,0,19.372509002685547,33.138824634909696
236,3.1024672985076904,0.00024439694243483245,0,25.19944953918457,33.22867299984041
237,3.502452850341797,0.00024545646738260984,1,34.332374572753906,33.44123239842356
238,4.228652000427246,0.00024711168953217566,1,44.466922760009766,33.93960331053149
239,2.880474090576172,0.00024774650228209794,0,19.036109924316406,33.971217929474086
240,4.185565948486328,0.00024936089175753295,0,19.850940704345703,34.007601283947544
241,2.6794004440307617,0.0002498746325727552,0,19.90326499938965,34.03827092133191
242,3.2417545318603516,0.0002507417812012136,0,17.97943115234375,34.04647390895273
243,2.870767116546631,0.0002513670187909156,0,20.188390731811523,34.08170117159774
244,2.222963809967041,0.00025164088583551347,0,12.345619201660156,33.96374177412153
245,2.5318644046783447,0.00025207066209986806,0,8.290277481079102,33.94622614765663
246,4.10813045501709,0.000253612466622144,1,38.00570297241211,34.24516883518333
247,3.4851317405700684,0.0002546499017626047,1,35.33344650268555,34.49883837937217
248,2.8874998092651367,0.00025528145488351583,0,19.571025848388672,34.273741779643856
249,3.015214681625366,0.0002559925487730652,0,20.08209800720215,34.279258689508694
250,3.028642416000366,0.00025671152980066836,0,12.724258422851562,33.53124068073726
251,2.633084297180176,0.00025719174300320446,0,19.705543518066406,33.53782697582254
252,4.955588340759277,0.0002595449041109532,0,28.620534896850586,33.29111585668893
253,2.884918451309204,0.0002601700252853334,0,24.45597267150879,33.3394341896452
254,2.362159013748169,0.00026050294400192797,0,14.318806648254395,33.28945903240921
255,3.112260341644287,0.00026127201272174716,0,20.34394645690918,33.3271830026666
256,2.6188976764678955,0.00026173974038101733,0,11.015974998474121,33.318371001717935
257,3.407341957092285,0.00026271207025274634,0,19.983203887939453,33.343024145626146
258,2.4081149101257324,0.00026306574000045657,0,18.558774948120117,33.36385960438628
259,2.7957630157470703,0.00026363349752500653,0,17.023500442504883,33.206816214984855
260,2.7743146419525146,0.0002641880128066987,0,14.38705825805664,33.21140512286043
261,2.962740421295166,0.0002648568188305944,0,10.645037651062012,33.21063380508298
262,2.346221446990967,0.0002651770773809403,0,18.39080238342285,33.03740083240607
263,3.7124223709106445,0.0002663768536876887,0,22.438119888305664,33.09035754759043
264,2.9146313667297363,0.0002670134126674384,0,13.771557807922363,32.994738424820035
265,2.582786798477173,0.00026745549985207617,0,24.140785217285156,32.98396154628233
266,3.5211215019226074,0.00026850588619709015,1,35.67183303833008,33.24922882871823
267,2.9677767753601074,0.00026917358627542853,0,18.33810043334961,32.66220551255534
268,2.605332851409912,0.00026962588890455663,0,22.949689865112305,32.65148893214599
269,2.8352129459381104,0.0002702106721699238,0,18.544485092163086,32.600605307175634
270,3.071047067642212,0.00027094295364804566,0,26.140779495239258,32.69704638237004
271,2.7976534366607666,0.0002715039299800992,0,26.82926368713379,32.801872695914255
272,3.584585666656494,0.0002725982340052724,1,38.615116119384766,32.47012571928822
273,2.9478747844696045,0.00027324931579642,0,30.471811294555664,32.63702655989006
274,3.2432005405426025,0.00027409408357925713,0,22.77783966064453,32.672732005320874
275,4.352513790130615,0.000275833677733317,0,28.05328941345215,32.72845125678343
276,2.434969186782837,0.00027618801686912775,0,20.505979537963867,32.763295271160274
277,2.4723243713378906,0.00027656156453303993,0,20.449283599853516,32.79473321381231
278,2.7786073684692383,0.0002771056315395981,0,16.56324577331543,32.786957027982076
279,2.8897461891174316,0.000277716142591089,1,34.36591339111328,33.00009482602324
280,2.4544522762298584,0.0002780787763185799,0,13.72663402557373,32.99655215151994
281,2.3908867835998535,0.00027840828988701105,0,14.743242263793945,32.99809191422244
282,2.3673360347747803,0.0002787256089504808,0,15.63861083984375,32.99227014641432
283,2.6288461685180664,0.0002791814331430942,0,17.182491302490234,32.9840602998395
284,3.1998775005340576,0.0002799906360451132,0,20.751432418823242,33.01116680329023
285,3.060698986053467,0.0002807063574437052,0,17.3720760345459,33.00530442910195
286,3.2355844974517822,0.0002815384359564632,0,21.596956253051758,33.02646313422012
287,2.821239948272705,0.0002821029629558325,0,19.718839645385742,33.04519209081563
288,2.5985496044158936,0.00028253858909010887,0,10.934842109680176,32.998661121745776
289,2.466991901397705,0.0002829029399435967,0,21.085002899169922,32.950583940935
290,5.241629600524902,0.0002855404163710773,0,31.675888061523438,33.02578860631864
291,2.9754483699798584,0.00028619589284062386,0,20.93729591369629,33.052160015335254
292,3.5270755290985107,0.0002872319892048836,0,13.773748397827148,33.04841087722266
293,3.5194571018218994,0.00028826139168813825,0,13.408493995666504,33.04297776846272
294,2.733812093734741,0.00028876750729978085,0,15.497149467468262,32.98309898216393
295,2.570525884628296,0.0002891811018344015,0,10.68812084197998,32.983467493940964
296,3.1480705738067627,0.0002899453102145344,0,17.788143157958984,32.98584721070388
297,2.6728830337524414,0.0002904147549998015,0,19.19127655029297,32.99826292618192
298,3.1170942783355713,0.0002911571064032614,0,24.023883819580078,32.95490484876661
299,3.5027077198028564,0.00029217006522230804,0,15.644475936889648,32.95546678506997
300,4.306063652038574,0.00029384877416305244,1,39.09019470214844,33.28627908667205
301,2.6685373783111572,0.00029431187431328,0,17.91253089904785,33.296057383215214
302,2.3407888412475586,0.00029459994402714074,0,16.18091583251953,33.168168946036616
303,3.841144561767578,0.00029587364406324923,0,29.380706787109375,33.26171215691931
304,3.1477322578430176,0.00029663092573173344,0,25.52717399597168,33.33023320133463
305,2.738468885421753,0.0002971314243040979,0,23.374757766723633,33.293676504054396
306,2.6386516094207764,0.0002975743554998189,0,12.17190170288086,33.26567309495748
307,3.4852797985076904,0.00029856793116778135,0,31.851654052734375,33.23960561757566
308,2.4881174564361572,0.00029892742168158293,0,16.025537490844727,32.32857624224563
309,3.399299144744873,0.00029985670698806643,0,25.816661834716797,32.241516612961654
310,2.871868133544922,0.0003004335449077189,0,25.333120346069336,32.26276763043801
311,3.346397638320923,0.000301323423627764,1,40.794029235839844,31.831291410283868
312,2.8199498653411865,0.0003018673451151699,0,17.204524993896484,31.83127368457868
313,3.3040406703948975,0.0003027258499059826,0,25.246986389160156,31.861302823248607
314,3.1572341918945312,0.00030348263680934906,0,24.901775360107422,31.68410656383306
315,3.569380760192871,0.000304533401504159,1,37.94673538208008,31.963486724626357
316,2.936431407928467,0.0003051453677471727,0,12.706233024597168,31.884084351852728
317,2.9773690700531006,0.00030578247969970107,0,24.86650848388672,31.704110714016412
318,2.990811347961426,0.00030642750789411366,0,29.562604904174805,31.808743930784438
319,3.3646175861358643,0.00030732437153346837,0,25.123857498168945,31.818728019214035
320,2.6448240280151367,0.0003077605797443539,0,14.451959609985352,31.81275453243212
321,5.7919230461120605,0.00031101854983717203,0,21.572402954101562,31.130761029301006
322,3.3049581050872803,0.0003118685563094914,0,12.861305236816406,30.42076135669393
323,2.6948671340942383,0.00031232857145369053,0,12.263261795043945,29.82292301767353
324,3.71352481842041,0.00031348204356618226,0,20.613969802856445,28.975668250515874
325,4.662905216217041,0.00031547967228107154,0,16.781953811645508,28.883466374848354
326,3.267014980316162,0.00031629871227778494,0,20.35080909729004,28.910607188989463
327,4.625226974487305,0.00031825629412196577,1,31.73206901550293,29.093866623606843
328,3.40407133102417,0.0003191697469446808,0,26.259496688842773,29.180971464603786
329,2.6002652645111084,0.0003195692552253604,0,26.79294776916504,29.28630470053415
330,2.953578472137451,0.00032017697230912745,1,33.64781188964844,29.46348346482122
331,4.8743109703063965,0.00032238216954283416,1,34.75617218017578,29.683628331453257
332,3.152107000350952,0.0003231158771086484,0,20.140392303466797,29.7048119571514
333,4.372069835662842,0.00032482456299476326,0,28.02945899963379,29.71673570297501
334,2.9050958156585693,0.00032539680250920355,0,26.839651107788086,29.798064308673517
335,2.7328293323516846,0.00032586525776423514,0,14.62530517578125,29.7816616871509
336,2.8516929149627686,0.0003264037659391761,0,22.34885025024414,29.746700916220835
337,3.6404364109039307,0.0003274860209785402,1,36.14075469970703,29.79561225057741
338,3.528601884841919,0.0003284820122644305,0,22.735126495361328,29.244343005558832
339,3.093954563140869,0.00032917101634666324,1,33.431976318359375,29.472124544382456
340,3.215350389480591,0.0003299407835584134,0,20.165220260620117,29.47445464324724
341,4.102899074554443,0.00033140010782517493,1,43.385215759277344,30.002465057031888
342,3.0738461017608643,0.00033207301748916507,0,20.98194694519043,30.022017139388634
343,2.4657623767852783,0.00033238722244277596,0,28.366573333740234,30.12491463317599
344,3.9480409622192383,0.0003337116213515401,1,37.42030334472656,30.45399983391674
345,2.753336191177368,0.00033418371458537877,0,14.267011642456055,30.42781142445078
346,3.2512855529785156,0.0003349731268826872,0,25.515094757080078,30.15429342303475
347,4.630591869354248,0.00033691732096485794,1,53.74852752685547,30.848909820102218
348,3.7345058917999268,0.000338062847731635,1,44.16835021972656,31.363449296437494
349,3.659282922744751,0.00033914807136170566,1,54.72366714477539,32.27777416703627
350,3.932722330093384,0.00034045285428874195,1,39.6162109375,32.62902915008268
351,3.081035614013672,0.00034112142748199403,1,33.57105255126953,32.81385524840291
352,3.1346380710601807,0.000341824721544981,1,36.38711929321289,32.96592084984762
353,3.4204697608947754,0.0003427265037316829,1,33.8166389465332,33.113609374356685
354,4.689932823181152,0.00034472174593247473,1,77.66869354248047,35.13512522921735
355,3.699051856994629,0.0003458314167801291,1,40.776851654052734,35.453524031087795
356,3.8228728771209717,0.00034703899291343987,1,47.04011535644531,35.95224466089986
357,3.587693929672241,0.00034806010080501437,0,29.1940860748291,36.04015351085932
358,3.406461477279663,0.00034894546843133867,1,47.8281364440918,36.543200153157436
359,3.50258731842041,0.00034990053973160684,0,30.399803161621094,36.65552639199432
360,3.159895896911621,0.00035061195376329124,0,19.254152297973633,36.6656988528337
361,3.123307228088379,0.0003512982511892915,1,49.38540267944336,37.199764579420446
362,4.639668941497803,0.0003532350528985262,1,43.95232009887695,37.56997504726221
363,3.696530818939209,0.0003543342463672161,0,26.210647583007812,37.60121698030096
364,3.1348233222961426,0.000355024472810328,1,40.14171600341797,37.877422618582806
365,3.2269163131713867,0.0003557762538548559,0,34.76845169067383,38.01040879130245
366,4.412840366363525,0.0003574903530534357,1,60.8774299621582,38.72999109992302
367,3.3700790405273438,0.0003583400684874505,0,27.4005184173584,38.78924531423143
368,5.494955062866211,0.00036119119613431394,1,74.48661804199219,40.20816199430243
369,3.7507777214050293,0.0003623253433033824,0,35.56208038330078,40.37098981226207
370,3.6526448726654053,0.0003633811720646918,1,72.68167114257812,41.60186390003
371,4.374242782592773,0.00036505161551758647,1,67.54766082763672,42.56759651536652
372,3.2035787105560303,0.00036577743594534695,0,39.332767486572266,42.58010570379059
373,3.454684257507324,0.00036668023676611483,0,32.4854736328125,42.60441234077879
374,2.912621259689331,0.00036721525248140097,0,29.14413070678711,42.65600345809457
375,4.879689693450928,0.00036937903496436775,0,32.0891227722168,42.700398737646324
376,3.722715139389038,0.00037048273952677846,0,30.994035720825195,42.782858657033756
377,3.7047111988067627,0.000371571077266708,0,37.05729293823242,42.94745676114138
378,3.318384885787964,0.0003723700065165758,0,28.9634952545166,43.015849666736564
379,3.8213932514190674,0.00037354978849180043,0,38.794376373291016,43.08386971508789
380,3.469163179397583,0.00037445552879944444,0,24.726543426513672,43.115151852123844
381,3.325768232345581,0.0003752567572519183,0,21.733478546142578,43.12934575320777
382,3.005629062652588,0.0003758417151402682,0,14.414165496826172,43.12974469201588
383,3.9050474166870117,0.0003770867770072073,0,19.4814510345459,43.13447934870669
384,5.2414751052856445,0.00037962986971251667,0,27.61336898803711,43.1773843435305
385,3.161735773086548,0.0003803127910941839,0,17.105737686157227,43.17706732039999
386,2.6031436920166016,0.0003806527820415795,0,13.102225303649902,43.16580123665665
387,2.448301315307617,0.0003809092740993947,0,10.35314655303955,43.16785904451156
388,4.056465148925781,0.0003822773869615048,0,36.89341354370117,43.32623887689667
389,5.340580463409424,0.00038492679595947266,0,26.7102108001709,43.359752950247255
390,2.7265164852142334,0.0003853320376947522,0,12.434025764465332,43.26947815091772
391,4.40888786315918,0.00038701281300745904,0,23.941905975341797,43.28462915443903
392,2.724599599838257,0.0003874148824252188,0,22.561059951782227,43.3014010340607
393,2.816913366317749,0.00038787093944847584,0,14.670639991760254,43.299969939563304
394,2.6803884506225586,0.0003882466990035027,0,30.49768829345703,43.378912752690084
395,4.08510684967041,0.0003896322741638869,0,25.539356231689453,43.40202609228787
396,3.4012155532836914,0.0003904722398146987,0,22.890466690063477,43.41767383967587
397,3.392845630645752,0.0003913053951691836,0,25.854591369628906,43.448406693965715
398,3.3296356201171875,0.0003920924791600555,0,25.888225555419922,43.46027452848386
399,2.9262914657592773,0.00039261061465367675,0,21.676183700561523,43.470400657599114
400,3.0876433849334717,0.00039323134114965796,0,25.28535270690918,43.30883372710181
401,4.170243740081787,0.0003946866490878165,0,26.055374145507812,43.34264285676048
402,3.022711992263794,0.00039526313776150346,0,33.29026412963867,43.44675152395808
403,3.4825916290283203,0.0003961570328101516,0,22.73748016357422,43.40006527840563
404,3.101210832595825,0.00039678317261859775,0,19.540287017822266,43.37341101563698
405,2.780193328857422,0.00039720797212794423,0,27.491403579711914,43.40067659396372
406,4.170019626617432,0.000398659089114517,0,37.33561706542969,43.55142979352538
407,4.614980220794678,0.0004005242371931672,1,65.76911926269531,44.35145562133585
408,3.863030433654785,0.000401709956349805,1,49.5252571105957,44.735763212306544
409,3.532303810119629,0.0004026344686280936,1,52.83430862426758,45.16680224748735
410,2.866974353790283,0.00040310551412403584,0,13.135224342346191,45.14811927407672
411,3.296196699142456,0.00040385726606473327,0,45.22152328491211,45.22982344050678
412,3.6024327278137207,0.000404832826461643,0,17.642833709716797,45.22996027147311
413,3.225372552871704,0.00040553376311436296,0,32.40358352661133,45.2897687921629
414,3.465928316116333,0.0004064051026944071,0,20.58865737915039,45.272332436240546
415,2.5216774940490723,0.000406674575060606,0,18.326927185058594,45.116357077606246
416,3.4881114959716797,0.00040756119415163994,0,34.8565788269043,45.22380126947129
417,3.8384358882904053,0.0004087196721229702,0,23.789033889770508,45.218258396362714
418,3.690225839614868,0.00040975844603963196,0,18.403907775878906,45.16297931774232
419,3.767404556274414,0.0004108573484700173,0,30.471092224121094,45.20406863697309
420,3.0146031379699707,0.0004114124458283186,0,13.556702613830566,45.20595125797045
421,3.3914194107055664,0.0004122235986869782,0,20.426101684570312,45.20266776012234
422,2.838923454284668,0.000412668043281883,0,18.360759735107422,45.19724642791156
423,4.308312892913818,0.00041422832873649895,0,40.99378204345703,45.38941483650186
424,2.5009572505950928,0.0004144789418205619,0,13.307145118713379,45.391534205243794
425,2.914273262023926,0.0004149672167841345,0,20.41010856628418,45.39481399367772
426,4.732448577880859,0.0004169327730778605,1,57.92597198486328,45.97210877241907
427,4.042558670043945,0.0004182529228273779,0,34.7052001953125,46.00487093676534
428,2.772482395172119,0.0004186516744084656,0,31.09011459350586,46.04252980595861
429,3.8163399696350098,0.000419781164964661,0,27.86257553100586,46.04983105042725
430,3.458209753036499,0.0004206325684208423,0,23.890037536621094,45.9730165526247
431,4.202691078186035,0.00042208933155052364,0,41.81125259399414,46.075777709494844
432,2.8890607357025146,0.00042255441076122224,0,22.66204261779785,46.08254304971739
433,3.0005054473876953,0.00042308884439989924,0,26.60603141784668,46.072822084227404
434,3.3194971084594727,0.0004238370165694505,0,24.77782440185547,46.06089641604605
435,3.0590078830718994,0.0004244078299961984,0,29.562101364135742,46.10733605729952
436,4.575423717498779,0.0004262085712980479,0,33.79746627807617,46.18991394407423
437,3.262789487838745,0.00042691396083682775,0,30.757394790649414,46.13071934941438
438,4.021820068359375,0.00042820628732442856,1,51.042076110839844,46.50834903962699
439,3.9442715644836426,0.0004294317332096398,1,71.317138671875,47.40787183669005
440,3.620802402496338,0.0004303957975935191,0,30.24899673461914,47.4571274596548
441,4.020226955413818,0.00043168338015675545,0,32.06742477416992,47.30531568210321
442,4.639564514160156,0.0004335397097747773,1,49.91303253173828,47.64664650038609
443,3.226006507873535,0.0004342123866081238,0,32.5366096496582,47.68117964428646
444,4.219570159912109,0.0004356706631369889,0,41.13846206665039,47.73421326316688
445,5.004281520843506,0.00043789687333628535,0,31.052156448364258,47.78215747425703
446,5.22999906539917,0.0004403663915582001,1,61.58761978149414,48.3923385881601
447,4.273589611053467,0.00044186730519868433,1,54.653629302978516,48.41397777600456
448,3.7646589279174805,0.0004429318942129612,0,40.765892028808594,48.35950817797877
449,4.449909687042236,0.0004445937811397016,0,46.961299896240234,48.19077389334204
450,3.439932107925415,0.00044540694216266274,0,39.22236251831055,48.18524150614455
451,3.3498480319976807,0.0004461542994249612,0,42.997798919677734,48.310077065133186
452,4.838993072509766,0.0004481970681808889,1,79.0899658203125,49.4151667288905
453,4.16818904876709,0.0004495955945458263,1,59.72321701049805,49.88529118740962
454,4.033867835998535,0.00045087558100931346,1,60.02684020996094,49.31266840785408
455,2.810185194015503,0.00045126411714591086,0,32.83538818359375,49.218742471895766
456,4.029103755950928,0.00045253842836245894,1,49.438453674316406,49.265132311668104
457,3.416386127471924,0.0004533264727797359,0,21.39995002746582,49.23140114338476
458,3.899205446243286,0.0004544891999103129,1,53.257633209228516,49.34443467283954
459,4.323984146118164,0.00045602204045280814,1,55.34092330932617,49.735479203231236
460,3.8067824840545654,0.0004571063909679651,0,38.77749252319336,49.863678700727036
461,3.048016309738159,0.0004576368082780391,0,29.9328670501709,49.60183693147175
462,4.1258087158203125,0.00045898850657977164,0,20.131237030029297,49.3956764801136
463,3.707422971725464,0.0004599904641509056,0,31.287965774536133,49.42907136210703
464,3.361974000930786,0.0004607319424394518,0,29.865966796875,49.31955638540536
465,4.155584812164307,0.000462106749182567,0,17.81341552734375,49.233187930726444
466,3.6933038234710693,0.00046309453318826854,0,34.403358459472656,48.7268242645969
467,2.7964026927948,0.0004634626384358853,0,35.51256561279297,48.79679794995416
468,3.152495861053467,0.0004640555416699499,0,36.11134338378906,47.84996548004178
469,4.791948318481445,0.00046603227383457124,1,87.89736938476562,49.35068298636538
470,4.055262565612793,0.00046731423935852945,0,42.40186309814453,48.576282118046386
471,3.390246868133545,0.00046806863974779844,1,66.41078186035156,48.5397110478972
472,3.2473723888397217,0.0004687214968726039,0,45.14469528198242,48.63159060048236
473,4.188137531280518,0.00047011717106215656,0,26.61228370666504,48.587933145074956
474,3.967881441116333,0.0004713205271400511,0,28.480850219726562,48.58330934664125
475,3.349543809890747,0.00047204174916259944,0,32.4566650390625,48.586709939166816
476,3.2653756141662598,0.0004727031337097287,0,27.94618797302246,48.56411007127857
477,3.9668197631835938,0.00047390293912030756,0,44.95979309082031,48.68258285127726
478,5.151385307312012,0.0004762497264891863,1,52.803680419921875,49.034967498257515
479,3.5742716789245605,0.00047713142703287303,0,30.482364654541016,48.94651748503123
480,4.462563514709473,0.00047877104952931404,1,74.9497299194336,49.963326190960565
481,3.673759698867798,0.00047972690663300455,1,55.822879791259766,50.40055473966321
482,3.2425642013549805,0.00048036471707746387,1,51.80465316772461,50.738442329938536
483,3.199223279953003,0.0004809723177459091,0,30.683696746826172,50.78127612283839
484,4.238018989562988,0.00048240041360259056,0,39.726661682128906,50.89221082376505
485,3.1133534908294678,0.0004829483514185995,0,34.12226867675781,50.95953916311021
486,4.195394039154053,0.00048433628398925066,0,45.89752960205078,51.16400969323844
487,4.577410697937012,0.00048607910866849124,0,48.093544006347656,51.38272228110771
488,3.5726418495178223,0.00048694966244511306,0,46.134700775146484,51.50818302276145
489,3.7872567176818848,0.00048798727220855653,0,26.087574005126953,51.5058302165222
490,3.478569507598877,0.0004887855611741543,0,27.853126525878906,51.50024103224516
491,3.6676738262176514,0.0004897266044281423,0,15.682201385498047,51.505410266216145
492,4.454516887664795,0.0004913459997624159,0,41.14197540283203,51.63881505009059
493,3.398786783218384,0.000492082501295954,0,29.109508514404297,51.646587219836086
494,3.7373852729797363,0.0004930751747451723,0,28.880422592163086,51.637564367247926
495,3.802224636077881,0.0004941187216900289,0,18.88762664794922,51.632798036875826
496,3.9766104221343994,0.0004953054594807327,0,32.94879150390625,51.67752094092116
497,4.045499324798584,0.0004965497646480799,0,32.622257232666016,51.71299495353912
498,5.820754051208496,0.0004996545030735433,1,111.13510131835938,54.24351259033256
499,3.384445905685425,0.00050037243636325,0,17.483417510986328,54.24565610505511
500,3.0743350982666016,0.0005008766893297434,0,17.82065200805664,54.24026730548131
501,3.7400217056274414,0.0005018626106902957,0,47.648033142089844,54.44977715975575
502,4.884099960327148,0.0005038962117396295,1,66.57759094238281,55.02207386431909
503,3.7319846153259277,0.0005048728198744357,0,16.400054931640625,55.02552142505084
504,4.133408069610596,0.0005061839474365115,0,20.952409744262695,55.02534955469846
505,6.075984477996826,0.0005096018430776894,0,48.66551208496094,55.23984117324504
506,4.780800819396973,0.0005115217063575983,0,24.09524154663086,55.16235183286687
507,3.4822187423706055,0.0005122990114614367,0,38.582454681396484,54.66181741368794
508,5.1566853523254395,0.0005146132316440344,1,75.416748046875,55.291859599381965
509,3.9128963947296143,0.0005157260457053781,0,40.329254150390625,55.103517248261994
510,4.493706703186035,0.0005173566751182079,0,35.57444763183594,55.15376685573426
511,2.948786497116089,0.000517763604875654,0,44.14099884033203,55.13871618332102
512,4.13836669921875,0.0005190662341192365,0,35.1513786315918,55.19562597330709
513,3.5884125232696533,0.0005199158913455904,0,34.33208084106445,55.209592503670706
514,4.429507255554199,0.0005214815028011799,0,25.487123489379883,55.21534354545037
515,3.5030956268310547,0.000522264395840466,0,44.76512145996094,55.37512352117132
516,3.0632810592651367,0.0005227394867688417,0,26.20458984375,55.32852595179877
517,4.384421348571777,0.0005242601037025452,0,51.8416633605957,55.59833889723535
518,5.368356227874756,0.0005267991218715906,1,119.60310363769531,58.305899252568274
519,4.874319553375244,0.0005287976819090545,0,47.35887145996094,58.46767099705541
520,2.908813238143921,0.0005291682900860906,0,20.609148025512695,58.45216147628008
521,3.3727729320526123,0.0005298482719808817,0,26.228656768798828,58.45844915601661
522,3.4127037525177,0.000530556368175894,0,34.77475357055664,58.503346137333025
523,3.260106325149536,0.0005311555578373373,0,22.345598220825195,58.400834596895436
524,3.578733444213867,0.0005319857154972851,0,29.889616012573242,58.401283251314595
525,4.445063591003418,0.0005335538880899549,0,47.018428802490234,58.573179946302766
526,2.9113852977752686,0.0005339212948456407,0,27.439163208007812,58.2263120584523
527,3.9029393196105957,0.0005350065766833723,1,89.57337951660156,59.421836391832
528,3.7151827812194824,0.0005359387141652405,1,68.32867431640625,59.97027995318918
529,4.450119972229004,0.000537507701665163,1,63.6224250793457,60.41456527626637
530,4.612775802612305,0.0005392318707890809,1,61.35834503173828,60.811564314534166
531,3.4064009189605713,0.0005399260553531349,0,30.087007522583008,60.72898986070817
532,3.268941640853882,0.000540521927177906,0,35.01449966430664,60.770013797557716
533,3.971198558807373,0.0005416577332653105,0,57.03654098510742,61.07416878180038
534,3.7504374980926514,0.0005426111165434122,0,39.844879150390625,61.147760696381354
535,4.609261512756348,0.0005443267291411757,0,27.24018669128418,61.141289235139624
536,4.0625810623168945,0.000545536691788584,0,42.736968994140625,61.21241322355034
537,4.771543979644775,0.0005474112695083022,0,47.29557800292969,61.34945245958049
538,2.8475024700164795,0.0005477256490848958,0,28.117666244506836,61.15242951402355
539,3.1430227756500244,0.0005482279811985791,0,26.28075408935547,60.53822675022006
540,3.9946157932281494,0.0005493758944794536,0,46.5626106262207,60.6722550122099
541,2.883615016937256,0.0005497102974914014,0,22.998062133789062,60.65019264782923
542,4.709190368652344,0.0005515178199857473,0,24.327861785888672,60.455313816631694
543,2.9842772483825684,0.000551912933588028,0,36.546836853027344,60.48064084307637
544,3.87380051612854,0.0005529561312869191,0,44.096221923828125,60.511874447759006
545,4.800043106079102,0.0005548521876335144,0,14.038774490356445,60.511126789530394
546,2.6326916217803955,0.000555034086573869,0,20.838340759277344,60.103311723513045
547,3.885194778442383,0.000556083454284817,0,44.687374114990234,59.958083942063645
548,3.0865728855133057,0.0005565400351770222,0,21.77561378479004,59.86286693506701
549,3.6931300163269043,0.0005574332899414003,0,33.25270462036133,59.72956590377898
550,4.739668369293213,0.0005592636298388243,0,20.15428352355957,59.645895277373256
551,4.787732124328613,0.0005611408851109445,0,43.963287353515625,59.657102832368786
552,3.670243263244629,0.0005620115553028882,0,40.11704635620117,58.870704916944234
553,4.029692649841309,0.0005631755921058357,0,35.90143585205078,58.532072015447646
554,4.330181121826172,0.000564605463296175,0,41.2758903503418,58.23450609900718
555,3.631552219390869,0.0005654426640830934,0,38.45356750488281,58.27877977201143
556,5.173541069030762,0.0005677221924997866,1,79.17295837402344,58.963165569413235
557,4.399209022521973,0.0005692115519195795,0,31.17997169494629,58.990544609260255
558,4.585467338562012,0.0005708773387596011,0,54.033931732177734,59.00388076176831
559,4.798071384429932,0.000572753488086164,0,44.65288543701172,58.840471510055174
560,2.94004225730896,0.0005730995326302946,0,38.71711730957031,58.83990527728915
561,3.326977252960205,0.0005737029132433236,0,39.31489944458008,58.907195420415604
562,3.0204286575317383,0.0005740989581681788,0,27.731651306152344,58.918219521526595
563,3.2124600410461426,0.0005746218375861645,0,23.629697799682617,58.892804506393944
564,4.206231594085693,0.0005759277264587581,0,25.11737823486328,58.87673785308915
565,3.5257928371429443,0.0005766731919720769,0,21.19523048400879,58.873889762646584
566,4.066023826599121,0.0005778538179583848,0,41.40296936035156,58.93596910014929
567,3.6963930130004883,0.0005787282716482878,0,33.08652877807617,58.91911572459191
568,4.054045677185059,0.0005798964411951602,0,32.19190979003906,58.89212294100702
569,3.589339256286621,0.0005806859699077904,0,38.774658203125,57.7773835587762
570,3.3420677185058594,0.0005812925519421697,0,21.735488891601562,57.653666752375344
571,3.705904006958008,0.0005821710219606757,0,30.070636749267578,57.10885285414692
572,4.99318265914917,0.0005842389655299485,0,22.477582931518555,56.94476474573479
573,2.671978712081909,0.0005844135885126889,0,27.95829200744629,56.94977178058518
574,3.3811819553375244,0.0005850443267263472,0,25.370325088500977,56.93879347366721
575,4.058812141418457,0.0005862103425897658,0,24.537744522094727,56.90369851124912
576,3.455150842666626,0.0005868931184522808,0,35.10597229003906,56.94733413585897
577,3.1332645416259766,0.0005873497575521469,0,28.303197860717773,56.798835360954875
578,4.382750034332275,0.0005888040759600699,1,62.60531997680664,56.99917748871761
579,3.6132686138153076,0.0005896030343137681,0,35.39472579956055,57.03301939899592
580,4.464236259460449,0.0005911318003199995,1,60.23077392578125,56.651909791422455
581,3.5139517784118652,0.0005918531096540391,0,20.06893539428711,56.3023431513747
582,4.288372039794922,0.000593216042034328,0,40.62466812133789,56.14053275641866
583,5.927470684051514,0.0005963574512861669,0,51.5106315612793,56.38256041368402
584,2.7545361518859863,0.0005965675227344036,0,29.506988525390625,56.30066162835648
585,4.7397685050964355,0.0005983589217066765,0,56.12480163574219,56.60358037010821
586,4.185795783996582,0.0005996229010634124,0,29.974349975585938,56.44758306943893
587,3.2224507331848145,0.000600127037614584,0,48.57701110839844,56.455099112606874
588,3.9916036128997803,0.0006012204685248435,0,12.281723976135254,56.28030333213618
589,4.220150947570801,0.000602512271143496,0,42.41291809082031,56.41046265847713
590,5.7052321434021,0.0006053695688024163,1,115.65213775634766,58.81579144354143
591,4.711146831512451,0.0006071233074180782,0,58.39575958251953,59.197575676903874
592,3.6046884059906006,0.0006078972946852446,0,41.77192306518555,59.20453972061809
593,4.041860580444336,0.0006090259412303567,0,49.233642578125,59.40277345929756
594,4.43781852722168,0.000610510294791311,1,61.308773040771484,59.8145610376735
595,4.720539093017578,0.0006122683407738805,0,47.937774658203125,60.0082129684296
596,4.087647914886475,0.0006134321447461843,0,32.905853271484375,60.00794073988759
597,3.7168004512786865,0.0006142870988696814,0,38.173397064208984,60.04997097383959
598,5.631644248962402,0.0006170438718982041,0,44.71449279785156,58.067272621903825
599,3.8057034015655518,0.0006179663469083607,0,40.02107238769531,58.15890210288541
600,5.810740947723389,0.000620937324129045,1,64.02840423583984,58.643461816564
601,4.263365745544434,0.000622248335275799,0,46.24949645996094,58.62438274367073
602,3.9341530799865723,0.0006232713349163532,0,37.23602294921875,58.141490311174735
603,3.8193562030792236,0.0006241985829547048,0,47.440147399902344,58.31157999947045
604,4.988433837890625,0.0006262194365262985,1,118.28894805908203,60.78008899874888
605,3.6950786113739014,0.000627044471912086,0,39.19271469116211,60.67208258788856
606,4.320722579956055,0.0006284018163569272,1,75.01492309570312,61.39282396042123
607,4.020554065704346,0.0006294915801845491,0,39.595245361328125,61.40163387278227
608,3.4976744651794434,0.0006301624816842377,0,52.3328742980957,60.90793353396219
609,6.798274517059326,0.0006344448192976415,1,95.76427459716797,62.198040894401316
610,3.927936315536499,0.0006354502984322608,1,67.3552474975586,62.66186346165223
611,3.3786840438842773,0.0006360283005051315,0,49.81075668334961,62.73148928659748
612,4.119935035705566,0.0006371964700520039,0,22.216800689697266,62.6883913025882
613,3.37843656539917,0.0006377724348567426,0,39.00083923339844,62.722321173354416
614,3.9978249073028564,0.0006388335605151951,0,42.049339294433594,62.81821386319773
615,5.573988437652588,0.0006414970848709345,1,72.5300064086914,63.31362153399809
616,4.49052619934082,0.0006429990171454847,1,67.66333770751953,63.80869145512532
617,4.330402851104736,0.0006443492602556944,0,31.304454803466797,63.617820482774746
618,4.994210720062256,0.000646356085781008,0,23.481422424316406,61.25754430924371
619,4.9710283279418945,0.0006483363104052842,0,49.42455291748047,61.28506691019591
620,3.3955435752868652,0.0006489134975709021,0,26.251813888549805,61.287058620006164
621,5.198061466217041,0.0006511366227641702,0,22.144594192504883,61.28404713118884
622,3.8445510864257812,0.0006520565366372466,0,27.160364151000977,61.25130081817578
623,3.555513620376587,0.0006527482182718813,0,36.03343963623047,61.29722908571624
624,3.752816677093506,0.0006535924621857703,0,38.904117584228516,61.351178097418156
625,3.9090349674224854,0.0006545630749315023,0,20.8448429107666,61.19949477682823
626,4.162217617034912,0.0006557499291375279,0,42.410762786865234,61.29449935360841
627,3.952059030532837,0.0006567543605342507,0,43.60475540161133,60.23382384374143
628,3.866668462753296,0.0006576868472620845,0,36.43811798095703,59.72658012312107
629,4.124803066253662,0.0006588376127183437,0,52.3762092590332,59.511550753481465
630,3.910102367401123,0.0006598039180971682,0,42.51503372192383,59.21112632590658
631,4.9835052490234375,0.0006617838516831398,1,66.04900360107422,59.7066922039612
632,3.9962944984436035,0.000662819657009095,0,30.378747940063477,59.682022146624156
633,3.646679639816284,0.0006635703612118959,0,22.316312789916992,59.361744303455005
634,4.379049777984619,0.0006649450515396893,0,35.74219512939453,59.32765455470144
635,3.1262753009796143,0.0006653189775533974,0,24.232667922973633,59.32225656984467
636,2.9748499393463135,0.0006655942997895181,0,28.939102172851562,59.22125647171117
637,3.5562174320220947,0.0006662729429081082,0,47.00110626220703,59.217288538783635
638,3.910707950592041,0.000667232321575284,0,30.81965446472168,59.2278483377181
639,4.331967353820801,0.0006685598054900765,0,22.921581268310547,59.2235470199177
640,6.012578010559082,0.000671733811032027,0,47.579166412353516,59.237201266949306
641,4.222582817077637,0.0006729573360644281,0,54.15231704711914,59.50994797342453
642,4.8934502601623535,0.0006748297018930316,0,41.605751037597656,59.60631832586152
643,6.076131343841553,0.0006780790281482041,1,98.5027084350586,61.08173549370899
644,3.486834764480591,0.0006786933518014848,0,30.119800567626953,60.97568346806224
645,5.400173187255859,0.0006811142666265368,0,49.43291473388672,61.142881022813214
646,5.504668235778809,0.0006836539832875133,0,58.55580520629883,61.469992303561575
647,3.3544583320617676,0.0006841663853265345,0,27.487825393676758,61.35428411614589
648,3.386643409729004,0.0006847013719379902,0,53.188377380371094,61.58734416258895
649,4.022359371185303,0.0006857363623566926,0,46.8712272644043,61.705154207714074
650,4.400539398193359,0.0006871090154163539,0,59.98695755004883,62.04419825912989
651,3.7628467082977295,0.0006879268912598491,0,35.786685943603516,61.976142600262236
652,4.418254852294922,0.0006893139216117561,0,54.026573181152344,62.14447840623615
653,4.044253349304199,0.0006903631146997213,0,41.1625862121582,62.18421542949412
654,3.0911142826080322,0.0006906883791089058,0,26.857040405273438,62.10877517903118
655,3.847463607788086,0.0006915711564943194,0,37.08982467651367,62.09891870782809
656,4.186676502227783,0.0006927427020855248,0,30.312137603759766,61.30159423110438
657,3.961110830307007,0.0006937177386134863,0,35.00910949707031,61.32050360042099
658,4.013974666595459,0.0006947366055101156,0,43.63675308227539,61.18156621746576
659,4.405973434448242,0.0006961053586564958,0,49.640594482421875,61.24379424361494
660,4.057793140411377,0.0006971594411879778,1,66.74890899658203,61.674159518295056
661,3.9981424808502197,0.0006981613696552813,0,35.93143844604492,61.64962389544422
662,4.582382678985596,0.0006996951415203512,0,40.26692199707031,61.71605258249245
663,4.193497657775879,0.0007008646498434246,0,54.36772918701172,61.95679404295933
664,3.5267183780670166,0.0007014858420006931,0,34.85502243041992,61.985000427531745
665,3.8686232566833496,0.00070237519685179,0,28.068561553955078,61.98467013044606
666,6.794036388397217,0.0007065791869536042,0,51.41432189941406,62.10077094975242
667,4.875665664672852,0.0007083993405103683,0,31.64129066467285,62.09494807312829
668,5.453398704528809,0.00071085209492594,0,26.625885009765625,62.0811953612845
669,4.36881160736084,0.0007121700327843428,0,55.554649353027344,62.28190152148601
670,4.075321197509766,0.0007132231839932501,0,42.733062744140625,62.362772582555216
671,4.285135746002197,0.0007144617848098278,0,38.472835540771484,62.40345778349631
672,3.7967116832733154,0.0007152794860303402,0,39.96771240234375,62.457638542125395
673,4.030446529388428,0.0007162909023463726,0,34.28055191040039,62.476262776100626
674,5.497447967529297,0.0007187870214693248,1,77.134765625,63.186777709825904
675,3.5715575218200684,0.0007194241043180227,0,47.53572082519531,63.30842482209995
676,3.693070650100708,0.0007201543776318431,0,24.27330780029297,63.28869953480711
677,3.4885895252227783,0.0007207278395071626,0,34.76844024658203,63.30705767157672
678,4.020358562469482,0.0007217251695692539,0,44.765357971191406,63.04205093357909
679,4.111062526702881,0.0007227998576126993,0,60.69342803955078,63.34000884535284
680,3.9268107414245605,0.0007237161626107991,0,56.81851577758789,63.280623524772544
681,4.510135650634766,0.0007251544739119709,0,43.387691497802734,63.34528955058647
682,4.468798637390137,0.0007265520398505032,0,53.746158599853516,63.49105633432111
683,3.820418119430542,0.000727376900613308,0,27.311288833618164,63.32435217123647
684,5.008426666259766,0.0007293158560059965,0,56.34171676635742,63.56056833952921
685,5.581903457641602,0.0007318983552977443,0,62.94364547729492,63.68174534394316
686,3.875112533569336,0.0007327625644393265,0,49.38845443725586,63.81513108372686
687,3.205587148666382,0.0007331220549531281,0,43.75822067260742,63.765160983769746
688,3.510812520980835,0.0007336991257034242,0,45.28563690185547,63.78875419128185
689,4.981513023376465,0.0007356030982919037,0,27.733671188354492,63.72864450909066
690,4.776126861572266,0.0007372922264039516,0,33.91352462768555,61.52224371029192
691,5.074800968170166,0.0007392922998405993,0,52.47452163696289,61.425267320641694
692,4.0401716232299805,0.000740288058295846,0,41.03742980957031,61.41940659518478
693,4.322329044342041,0.0007415335858240724,0,45.38489532470703,61.3749959533402
694,5.0488715171813965,0.0007435015286318958,0,49.9315299987793,61.186223289325525
695,3.925046682357788,0.0007443955983035266,0,44.18757247924805,61.14539977624055
696,2.817688465118408,0.0007444951334036887,0,21.149200439453125,61.15147232876828
697,4.436620712280273,0.0007458428153768182,0,44.092464447021484,61.198760978051126
698,3.746345281600952,0.0007465888629667461,0,45.40100860595703,61.20584690234638
699,5.160796642303467,0.0007486732210963964,0,31.801803588867188,61.165838824423396
700,5.295639991760254,0.0007509054848924279,1,69.05254364013672,61.28226210140852
701,5.197024345397949,0.0007530254079028964,0,33.89777755737305,61.190771171621265
702,5.819304466247559,0.0007558719371445477,0,56.86613464355469,61.41719545352615
703,4.725708961486816,0.0007574897608719766,0,54.45907211303711,61.51380810791553
704,5.065398693084717,0.0007594596245326102,0,57.55632400512695,59.25738956622995
705,3.6775643825531006,0.0007601377437822521,0,26.399860382080078,59.22299083240467
706,3.736215829849243,0.0007608613232150674,0,20.135372161865234,58.532096937461446
707,4.546762466430664,0.0007622978882864118,0,28.054790496826172,58.48850813132329
708,3.3025739192962646,0.0007626949227415025,0,45.98545837402344,58.400232989856704
709,5.3301920890808105,0.0007649521576240659,0,51.671329498291016,57.040743992655294
710,3.2394614219665527,0.0007653026259504259,0,36.40587615966797,56.52858682998749
711,5.226458549499512,0.0007674408261664212,1,86.7357406616211,57.554407880430446
712,4.146434307098389,0.0007685007876716554,1,72.22589874267578,58.19541200567151
713,3.5343925952911377,0.0007690601632930338,0,47.24876022338867,58.27673887104842
714,4.252631187438965,0.0007702134316787124,0,45.41511154174805,58.31116705250923
715,2.9649674892425537,0.0007703776354901493,0,27.60072135925293,57.6529328915845
716,7.211618900299072,0.0007751352968625724,0,55.819061279296875,57.38182368336461
717,3.3568718433380127,0.0007755578844808042,0,29.748018264770508,57.379425012492305
718,3.8568384647369385,0.0007763634785078466,0,46.41426086425781,57.482289416326616
719,3.4536523818969727,0.000776854925788939,0,33.607872009277344,57.34010375453548
720,6.071859359741211,0.0007799968007020652,1,66.11580657958984,57.82373714396636
721,4.83699893951416,0.0007817037403583527,1,58.146873474121094,58.10104266347975
722,4.327888011932373,0.000782912946306169,0,56.60621643066406,58.35634675105401
723,4.430947780609131,0.0007842169143259525,1,88.65611267089844,59.53030556496396
724,6.9548726081848145,0.000788574106991291,1,87.60162353515625,60.60530638367588
725,3.7135777473449707,0.0007892513531260192,0,56.30458068847656,60.81038212896852
726,2.992142915725708,0.0007894138107076287,0,42.665931701660156,60.81247602913845
727,5.990278720855713,0.0007924385718069971,1,64.16336822509766,61.12994429235778
728,8.316848754882812,0.0007989983423613012,0,40.57792282104492,61.15266168577762
729,6.192683696746826,0.0008022756082937121,0,51.9680061340332,61.14684896801896
730,4.753717422485352,0.000803875329438597,1,66.11573791503906,61.5130796793498
731,3.4247896671295166,0.0008043181733228266,0,37.21030044555664,61.11464651855638
732,3.5786054134368896,0.0008048751042224467,0,48.14175796508789,61.21995992679964
733,3.9478228092193604,0.0008057267987169325,0,53.012752532958984,61.36448875454721
734,3.4887197017669678,0.000806214811746031,0,26.88566017150879,61.36002935809268
735,4.629824161529541,0.0008076869999058545,1,94.93972778320312,62.66526203808402
736,5.659328460693359,0.0008102836436592042,0,37.07559585571289,62.67730866191204
737,4.168970584869385,0.0008113208459690213,1,73.51239776611328,63.16365462108049
738,3.614901065826416,0.0008118984405882657,0,31.432783126831055,63.16379279810489
739,3.571887731552124,0.0008124427404254675,0,47.621402740478516,63.22957980302601
740,3.105898141860962,0.000812655664049089,0,20.1746883392334,63.17978548292959
741,4.198048114776611,0.0008137162658385932,0,40.687705993652344,63.040588144305204
742,3.867018699645996,0.0008144920575432479,0,25.639442443847656,63.0092489309731
743,4.216302871704102,0.0008155671530403197,0,32.57949447631836,61.5562674536563
744,3.716413974761963,0.0008162196027114987,0,31.916927337646484,61.5569455538369
745,4.5840373039245605,0.0008176369592547417,0,33.47037124633789,61.44314089317308
746,4.0204176902771,0.0008185374899767339,0,35.59625244140625,61.19369922882439
747,3.610086679458618,0.0008191041997633874,0,49.66676330566406,61.31340992247039
748,2.9331493377685547,0.0008191996603272855,0,29.25514793395996,61.14341198216495
749,3.0720343589782715,0.0008193835383281112,0,37.255126953125,61.0687899827537
750,3.591344118118286,0.0008199351141229272,0,26.74782371520996,60.77832329286181
751,3.614985942840576,0.0008205042686313391,0,43.38416290283203,60.82692203565091
752,3.693857431411743,0.0008211340173147619,0,39.360137939453125,60.66591567080746
753,4.91893196105957,0.0008228847873397171,0,55.34926986694336,60.835896560684276
754,3.2032222747802734,0.0008231525425799191,0,34.06345748901367,60.83936190307275
755,3.622084379196167,0.0008237239089794457,0,35.082340240478516,60.83119491749799
756,5.109319686889648,0.0008256749715656042,0,57.47843551635742,61.07606693772511
757,4.742954730987549,0.000827240408398211,0,58.64248275756836,61.329837550391034
758,3.855837345123291,0.0008279934409074485,0,45.57790756225586,61.34774785158818
759,3.800889492034912,0.0008287010714411736,0,41.7653923034668,61.269379959463244
760,3.9573283195495605,0.0008295369916595519,1,64.88008880615234,61.22650405932167
761,4.47450065612793,0.0008308354881592095,0,56.20002365112305,61.432375248761865
762,3.998518228530884,0.0008317041210830212,0,42.40816879272461,61.447440238286255
763,4.789623260498047,0.0008333108271472156,1,66.09114074707031,61.67188370056741
764,4.862616062164307,0.0008349908166565001,0,36.952247619628906,61.67918784824116
765,3.4325642585754395,0.0008354082237929106,0,31.386951446533203,61.67749859047647
766,4.738445281982422,0.0008369593997485936,0,53.20117950439453,61.70246488458882
767,4.587347984313965,0.0008383592939935625,0,44.72920227050781,61.76582435921559
768,4.514296531677246,0.0008396871271543205,0,35.90278625488281,61.76827799324613
769,4.4886250495910645,0.0008409889414906502,0,50.214866638183594,61.692154536823345
770,3.5109264850616455,0.0008414581534452736,0,34.96370315551758,61.65186432374023
771,5.401904106140137,0.0008437184151262045,1,62.68093490600586,61.96017612607503
772,3.1032466888427734,0.000843898335006088,0,36.439186096191406,61.94366514759146
773,3.7670743465423584,0.0008445628336630762,0,54.10398864746094,62.1119604409814
774,4.0878729820251465,0.0008454944472759962,1,79.46327209472656,62.1827881460775
775,4.376349925994873,0.0008466846775263548,0,52.49188232421875,62.2429878790345
776,4.289045810699463,0.0008477934170514345,1,73.76846313476562,62.80370262822951
777,4.200621128082275,0.0008488211897201836,0,62.45415496826172,63.103137439015406
778,4.251129627227783,0.0008498933166265488,1,67.93770599365234,63.46421452560493
779,4.823379993438721,0.000851516320835799,1,77.83152770996094,63.867407165534495
780,4.637278079986572,0.0008529505576007068,0,57.376609802246094,63.876204598558225
781,3.9671943187713623,0.0008537705289199948,1,100.9402084350586,65.29304339163235
782,5.827747344970703,0.0008565267198719084,0,43.649898529052734,65.19035313763881
783,3.359957456588745,0.0008568701450712979,0,52.68313217163086,65.31561018006634
784,4.0716400146484375,0.000857775507029146,0,48.34889602661133,65.21762139684547
785,4.07650899887085,0.0008586840704083443,1,69.01847839355469,65.34166711421446
786,3.006197690963745,0.0008587859338149428,0,53.279518127441406,65.38689716886118
787,5.188323020935059,0.0008607884519733489,1,98.35040283203125,66.6396090531344
788,4.487404823303223,0.0008620680309832096,1,79.94833374023438,67.24760970033864
789,3.9946329593658447,0.0008629020885564387,0,63.463680267333984,67.52194343677455
790,3.957496404647827,0.0008637040155008435,0,61.771236419677734,67.76606206919315
791,4.04518461227417,0.0008645796333439648,0,62.45454406738281,67.90693270784203
792,4.473620414733887,0.0008658422739244998,1,71.77289581298828,68.3183199072926
793,5.595696449279785,0.0008683046326041222,0,51.17428207397461,68.36865189120324
794,5.579676151275635,0.0008707455708645284,1,77.72740936279297,68.85011183467482
795,3.971571922302246,0.0008715514559298754,0,57.984928131103516,68.98895303798906
796,4.305792808532715,0.0008726504747755826,0,41.7835693359375,68.96758757950955
797,4.2498626708984375,0.0008736976305954158,0,48.6724739074707,69.00074556469653
798,4.903139591217041,0.0008753793663345277,0,46.407203674316406,69.00774116522854
799,3.4430882930755615,0.0008757640607655048,0,63.749759674072266,69.26052983014775
800,5.296757221221924,0.0008778703631833196,0,30.31836700439453,68.91146989898067
801,6.071794033050537,0.0008809111895971,0,52.538944244384766,69.0121225381535
802,4.781738758087158,0.0008824606193229556,0,47.580806732177734,68.91479859875966
803,5.208258628845215,0.000884461565874517,0,39.31538772583008,68.80093287260605
804,4.240959644317627,0.0008854889310896397,0,68.3711929321289,68.98092854086136
805,5.060130596160889,0.0008873249753378332,1,95.69463348388672,70.03878531387289
806,7.583058834075928,0.0008925497531890869,0,64.18342590332031,70.2326733637819
807,6.176999568939209,0.0008957128156907856,1,73.23387908935547,70.63361319045882
808,6.0586347579956055,0.0008987188339233398,0,57.60457229614258,70.74237592097049
809,3.41290020942688,0.0008990581845864654,0,50.41666030883789,70.7311988546408
810,5.527426719665527,0.000901406689081341,0,59.32509994506836,70.89281675183778
811,4.692251682281494,0.000902845524251461,0,36.99135971069336,70.14307030428714
812,4.2974853515625,0.000903905660379678,0,36.70735549926758,69.74838858006727
813,5.713339805603027,0.0009064714540727437,0,55.84550476074219,69.83016351479185
814,3.992067337036133,0.000907258887309581,0,40.30322265625,69.80710266616722
815,4.0758514404296875,0.0009081175085157156,0,32.378692626953125,69.79327509985504
816,4.658569812774658,0.0009095161803998053,1,74.71526336669922,70.12034979712165
817,5.865058422088623,0.0009122630581259727,1,91.59439849853516,71.01023134937635
818,5.475523471832275,0.0009145375806838274,1,86.71533966064453,71.70839887290992
819,6.932479381561279,0.0009187313844449818,0,57.655517578125,71.8402581783599
820,5.941650390625,0.0009215651080012321,1,77.16548156738281,72.05935472609296
821,3.835001230239868,0.0009222067892551422,0,50.324520111083984,71.97992573567524
822,4.715716361999512,0.0009236483601853251,0,49.946956634521484,71.91557597439069
823,4.277798652648926,0.0009246698464266956,0,46.9173469543457,71.1683692463186
824,5.605727672576904,0.0009270853479392827,1,70.93981170654297,70.75653051592809
825,5.588675498962402,0.0009294781484641135,0,61.675384521484375,70.8277205513632
826,3.8168370723724365,0.0009300971869379282,0,55.9224739074707,70.92926137616273
827,4.991733074188232,0.0009318155935034156,1,77.13484191894531,71.18567064646994
828,6.095008850097656,0.0009348325547762215,1,89.51734924316406,71.9842823623763
829,3.048682451248169,0.0009348856401629746,0,51.37250518798828,71.97912519992644
830,4.9111738204956055,0.0009365144651383162,0,52.972877502441406,71.80697923081816
831,4.336214542388916,0.0009375765803270042,0,71.66590881347656,72.15790015129404
832,4.906583786010742,0.0009391979547217488,1,111.50725555419922,73.66440684762699
833,3.745616912841797,0.0009397499961778522,0,45.77530288696289,73.61318646987574
834,5.865253448486328,0.0009424667805433273,0,47.453948974609375,73.62309193843032
835,4.586846828460693,0.0009437606786377728,1,115.01216125488281,74.35465799407922
836,5.863222122192383,0.0009464710601605475,1,128.92764282226562,76.54310388873091
837,5.209491729736328,0.0009484092006459832,1,83.52119445800781,76.75243571716649
838,4.096590518951416,0.0009492447134107351,1,77.40240478515625,77.16543253035945
839,3.3492164611816406,0.0009494876721873879,0,50.80377960205078,77.18552954258875
840,4.189655303955078,0.0009504039771854877,0,47.13688659667969,77.14610916448495
841,5.219808578491211,0.0009523496264591813,1,122.50188446044922,78.92378633510378
842,4.148321151733398,0.0009532265248708427,0,33.20864486694336,78.89702985592075
843,6.612096786499023,0.0009569203248247504,0,63.294612884521484,79.05519849086596
844,5.682111740112305,0.0009593953145667911,0,36.54510498046875,79.04803169677953
845,3.290769338607788,0.0009595869341865182,0,45.51173782348633,79.05892511336529
846,5.21489143371582,0.0009615179733373225,0,48.05744171142578,79.08300058044182
847,5.050297737121582,0.0009632675792090595,1,99.79822540283203,79.96984237078128
848,4.183755397796631,0.0009641647920943797,0,41.28824996948242,79.9529585058374
849,5.321922779083252,0.0009662111406214535,0,54.43722152709961,80.01400721591145
850,4.154250144958496,0.0009670793660916388,0,40.158912658691406,79.97946001560295
851,4.754036903381348,0.0009685146505944431,0,54.68118667602539,80.0347342905757
852,4.014505863189697,0.0009692590683698654,0,52.4000244140625,80.07740066837641
853,3.9796206951141357,0.0009699733345769346,0,35.23655319213867,80.01684254598001
854,4.294327259063721,0.0009709635050967336,0,43.746280670166016,80.01610979108786
855,3.9742300510406494,0.0009716714266687632,0,47.52192687988281,80.02848549876589
856,3.3480029106140137,0.0009718912187963724,0,39.83940124511719,79.94705799439365
857,3.6187069416046143,0.0009723111870698631,0,52.10713195800781,79.89491370013755
858,4.08039665222168,0.0009731086320243776,0,41.54708480834961,79.88593214906496
859,5.20498514175415,0.0009750151657499373,0,42.924224853515625,79.88783723306847
860,5.39292573928833,0.00097713153809309,0,59.427284240722656,79.82599978012419
861,5.957376480102539,0.0009799267863854766,0,76.75405883789062,80.10169249142697
862,3.4059410095214844,0.0009801798732951283,0,38.6152458190918,80.09898202294809
863,4.266767501831055,0.0009811348281800747,0,62.963470458984375,80.06010850929648
864,3.6638166904449463,0.00098158058244735,0,59.64999771118164,80.16143423076103
865,4.2382588386535645,0.0009825082961469889,0,40.893489837646484,80.14602489338881
866,6.107128143310547,0.000985490158200264,0,69.45199584960938,80.3197443418172
867,4.305214881896973,0.0009864747989922762,0,70.79774475097656,80.54994360598914
868,4.500919342041016,0.0009876416297629476,0,57.94622802734375,80.623633631751
869,4.253304481506348,0.0009885769104585052,0,37.744293212890625,80.6005265679105
870,3.68308424949646,0.0009890302317216992,0,46.3906364440918,80.6030072314158
871,5.600872039794922,0.0009913756512105465,1,124.21197509765625,82.19327838096032
872,4.829995155334473,0.000992863904684782,0,52.576210021972656,82.22680554301448
873,4.312974452972412,0.0009938481962308288,0,29.446533203125,82.20657424620276
874,4.706632614135742,0.0009952089749276638,0,34.83150100708008,81.8366936035279
875,5.239408493041992,0.0009971318067982793,0,48.77187728881836,81.8168156683571
876,3.676853656768799,0.0009975716238841414,0,36.176422119140625,81.53538180670733
877,4.488018989562988,0.0009987151715904474,0,36.91323471069336,81.40306238165265
878,3.8054428100585938,0.0009992556879296899,0,39.60062789916992,81.19835251338012
879,4.424798011779785,0.0010003374191001058,0,48.51559829711914,80.85474597836564
880,4.841109275817871,0.0010018281172960997,0,62.550193786621094,80.9079740452451
881,3.6720283031463623,0.0010022595524787903,0,26.736787796020508,79.99850315634194
882,5.144230842590332,0.0010040702763944864,0,68.5243911743164,80.21622978841354
883,3.7516183853149414,0.001004562247544527,0,42.09077453613281,80.1669849233235
884,4.457020282745361,0.0010056692408397794,0,58.57700729370117,80.24364486215626
885,5.109930038452148,0.0010074388701468706,0,46.225746154785156,80.02781832210813
886,4.4574480056762695,0.0010085434187203646,0,71.5196533203125,80.24145961381643
887,3.4601504802703857,0.0010088075650855899,0,40.14153289794922,79.36622493549655
888,6.212826728820801,0.0010119015350937843,1,144.77113342285156,81.60534848123196
889,4.198432922363281,0.0010127631248906255,0,55.179500579833984,81.52078760986484
890,6.41378927230835,0.0010161229874938726,0,68.08641052246094,81.600862157909
891,5.079860210418701,0.0010178498923778534,0,43.853271484375,81.460838551743
892,5.5434465408325195,0.0010200983379036188,0,56.900352478027344,81.27469672079181
893,4.8838887214660645,0.0010216135997325182,1,117.80744934082031,82.67984457210588
894,5.826325416564941,0.0010242002317681909,0,50.74348068237305,82.35054240607482
895,6.9572834968566895,0.001028320868499577,1,117.66827392578125,83.66517270520677
896,6.276455879211426,0.001031479798257351,0,63.13377380371094,83.81508624291715
897,4.714052200317383,0.0010328104253858328,0,52.331424713134766,83.83759515543892
898,4.490488529205322,0.0010339210275560617,0,40.0884895324707,83.81771068465939
899,3.6435108184814453,0.0010342980967834592,0,36.36796951293945,83.6518333771705
900,3.4625167846679688,0.0010345382615923882,0,41.97172546386719,83.65566886755829
901,4.540411472320557,0.0010356949642300606,0,46.74421310424805,83.62149352286943
902,6.818711757659912,0.0010396012803539634,1,91.78352355957031,84.2453494098905
903,6.785852909088135,0.0010434563737362623,0,72.02400207519531,84.51262574516875
904,4.006392955780029,0.0010441188933327794,0,36.74468994140625,84.2947318406055
905,3.529200792312622,0.0010443987557664514,0,33.32321548461914,83.54601154490553
906,2.551515817642212,0.0010440462501719594,0,36.3389892578125,83.37004768502855
907,3.944397211074829,0.0010446560336276889,0,43.933921813964844,83.0809342604423
908,3.270110845565796,0.001044748118147254,0,43.16865158081055,82.98579746944345
909,4.807257175445557,0.0010461597703397274,0,52.628990173339844,83.00147105069242
910,3.3014371395111084,0.0010462721111252904,0,28.52974510192871,82.87681724386184
911,4.784553527832031,0.0010476590832695365,0,68.44001007080078,83.11725232487359
912,4.785882472991943,0.0010490459389984608,0,69.66838073730469,83.37103717650398
913,3.377347707748413,0.0010492093861103058,0,22.502695083618164,83.30446789954627
914,4.807196140289307,0.0010506166145205498,0,50.27362060546875,83.34993543203416
915,4.3818817138671875,0.0010516068432480097,0,47.04098129272461,83.38247637984989
916,4.295470714569092,0.0010525163961574435,0,65.64192199707031,83.24971332603303
917,3.618696928024292,0.0010528558632358909,0,45.67340850830078,82.60071207478187
918,3.5786595344543457,0.0010531642474234104,0,61.48810577392578,82.1826537818936
919,3.9114036560058594,0.0010537373600527644,0,35.483489990234375,82.06563285657609
920,3.2170417308807373,0.0010537836933508515,0,34.20253372192383,81.67084170020959
921,4.287020206451416,0.00105468335095793,0,58.136348724365234,81.73850931012151
922,5.204444885253906,0.00105650769546628,0,45.457733154296875,81.71174440648315
923,3.6516823768615723,0.0010568686993792653,0,78.88863372802734,82.10093952775107
924,4.431056022644043,0.00105789874214679,0,46.8797492980957,81.84802662181464
925,4.016697406768799,0.001058555906638503,0,63.16135025024414,81.8658610291701
926,4.666318893432617,0.0010598116787150502,0,66.2449722290039,81.98382588784872
927,4.721382141113281,0.0010611213510856032,0,59.5214729309082,81.7296937554492
928,5.523080825805664,0.0010633026249706745,0,50.66664123535156,81.1351977455925
929,3.4156057834625244,0.0010634794598445296,0,58.931365966796875,81.20454368009403
930,3.762755870819092,0.0010639207903295755,0,44.00129318237305,81.14707339243036
931,4.822568416595459,0.0010653289500623941,0,79.23133087158203,81.28027753012385
932,5.854732990264893,0.0010679072001948953,0,72.88052368164062,80.32311711476325
933,3.6656508445739746,0.0010682675056159496,0,46.337650299072266,80.32618037726603
934,4.19648551940918,0.001069071120582521,0,55.41778564453125,80.38760257734755
935,5.181358814239502,0.001070855651050806,1,96.12994384765625,79.80377783645366
936,4.146457672119141,0.0010716123506426811,0,34.580360412597656,77.79345315081358
937,5.416433811187744,0.0010736591648310423,0,67.86263275146484,77.49417785006986
938,4.1913743019104,0.0010744527680799365,0,45.697696685791016,77.088186399864
939,4.116609573364258,0.0010751796653494239,0,39.444557189941406,77.02693307311063
940,5.519724369049072,0.0010773430112749338,0,44.79405975341797,77.01331065421694
941,5.038039684295654,0.0010789635125547647,0,55.26254653930664,75.26742235800322
942,3.916841506958008,0.0010795153211802244,0,47.58679962158203,75.31348973163063
943,4.083534240722656,0.0010802081087604165,0,48.12234115600586,75.1530068261063
944,3.55794358253479,0.0010804736521095037,0,59.53856658935547,75.31056814156453
945,4.249083995819092,0.0010813121916726232,0,52.5628776550293,75.36172464182027
946,5.396081924438477,0.0010833259439095855,0,52.922279357910156,75.40029625100665
947,3.952277183532715,0.0010839028982445598,0,60.89988708496094,74.51941299737382
948,5.339439392089844,0.0010858493624255061,0,43.84379959106445,74.52992264649836
949,5.640487194061279,0.001088145305402577,1,88.73974609375,75.16080850408787
950,3.2908213138580322,0.0010882081696763635,1,77.95305633544922,75.61462196645539
951,3.860095739364624,0.0010887037497013807,0,48.46051788330078,75.56317200345471
952,3.883277654647827,0.0010892179561778903,0,44.52256393432617,75.50968791606695
953,4.457429885864258,0.00109024066478014,0,46.64133834838867,75.54506119953358
954,5.84322452545166,0.0010927795665338635,0,59.416770935058594,75.67403520683442
955,5.747666835784912,0.00109519821126014,0,74.3364028930664,76.01463560269346
956,4.956043720245361,0.0010967139387503266,0,75.29793548583984,76.40124650975903
957,5.992612838745117,0.0010994344484061003,1,98.61949157714844,77.29813030839998
958,4.3244547843933105,0.001100322580896318,0,58.23293685913086,77.41269359046963
959,4.229489803314209,0.0011011238675564528,0,49.54037094116211,77.44611158778696
960,4.4624176025390625,0.001102139358408749,0,71.11286926269531,77.61120687027503
961,6.325939178466797,0.0011052907211706042,0,55.69761276245117,77.30349275050342
962,6.290447235107422,0.0011083914432674646,0,30.61431312561035,77.30732850322755
963,4.307322025299072,0.0011092551285400987,0,43.91193771362305,77.14312720665392
964,5.531297206878662,0.0011113978689536452,1,95.8958740234375,77.87259875869414
965,4.298408031463623,0.0011122503783553839,0,49.20478820800781,77.91042143701827
966,4.805831432342529,0.0011135931126773357,0,35.84575653076172,77.63532482572418
967,4.922181606292725,0.0011150548234581947,0,25.248350143432617,77.35212075311506
968,7.120522499084473,0.0011193290119990706,0,43.911746978759766,77.24368036358265
969,6.727792263031006,0.0011230207746848464,0,55.57164001464844,77.34575175520634
970,3.0979371070861816,0.0011229178635403514,0,38.79182815551758,77.31685558412522
971,3.292635679244995,0.0011229473166167736,0,73.53680419921875,75.76306455854353
972,3.5801780223846436,0.0011231868993490934,0,56.817745208740234,75.80410366317645
973,3.3273704051971436,0.001123240333981812,0,44.10063934326172,75.81616489531882
974,4.293449878692627,0.0011240766616538167,0,59.05868148803711,75.95423940271911
975,4.269500732421875,0.0011248900555074215,0,43.97251510620117,75.92852123725777
976,4.244462966918945,0.001125680166296661,0,39.96098709106445,75.93324175177564
977,5.548051834106445,0.0011278262827545404,0,44.651065826416016,75.95294187135488
978,5.403081893920898,0.001129801501519978,1,87.8299560546875,76.61751616630704
979,3.706406354904175,0.0011301318882033229,0,55.80626678466797,76.67535076024623
980,4.190390110015869,0.0011308682151138783,0,35.4938850402832,76.50106599005284
981,4.581845760345459,0.00113196880556643,0,48.81283187866211,76.52089961116204
982,4.314390182495117,0.0011328154942020774,0,52.31964111328125,76.32541102675802
983,3.901620388031006,0.0011333005968481302,0,45.18625259399414,76.33706126072357
984,3.820396900177002,0.0011337186442688107,0,33.37883377075195,76.21123089121659
985,5.920175552368164,0.0011363103985786438,0,46.747501373291016,76.21400717754692
986,3.707862377166748,0.0011366354301571846,0,30.382150650024414,75.90007095405149
987,3.976778030395508,0.0011371797882020473,0,44.14052200317383,75.91364438452445
988,3.9489471912384033,0.0011377001646906137,0,51.43961715698242,72.89981767827
989,4.558337688446045,0.0011387710692360997,0,61.10923767089844,72.97034346525997
990,4.462645530700684,0.0011397491907700896,1,82.79247283935547,73.28301574008245
991,4.772689342498779,0.0011410305742174387,1,123.61698913574219,75.27497373818349
992,5.198055744171143,0.0011427616700530052,1,81.68224334716797,75.69269651436828
993,3.9116833209991455,0.0011432453757151961,1,89.58024597167969,74.71432043499301
994,5.06199312210083,0.0011448257137089968,1,77.73921966552734,75.1038115397839
995,3.8130199909210205,0.0011452261824160814,0,63.88783645629883,73.55512562558485
996,4.294233322143555,0.00114604108966887,0,69.89014434814453,73.66392546798076
997,4.001418590545654,0.0011465969728305936,0,71.93154907226562,73.93077838577676
998,4.188658714294434,0.0011473152553662658,0,70.00249481201172,74.21800011876373
999,3.9129769802093506,0.0011477954685688019,0,37.091278076171875,74.21764099156121
1000,3.9112234115600586,0.001148273702710867,0,43.64958572387695,74.22236895053385
1001,5.828833103179932,0.0011507368180900812,1,111.34589385986328,75.65647838996118
1002,6.234618663787842,0.0011537177488207817,0,51.58220672607422,74.92923988575076
1003,5.88539981842041,0.0011562457075342536,0,62.87771224975586,74.78251425812813
1004,4.291496276855469,0.0011570471106097102,0,70.05070495605469,75.06434573511312
1005,5.053378105163574,0.0011586043983697891,1,81.88621520996094,75.5741528559487
1006,4.593154430389404,0.0011596882250159979,0,24.944725036621094,75.61968306110344
1007,4.474367618560791,0.0011606565676629543,0,70.46565246582031,75.8886900210891
1008,5.6122565269470215,0.0011628437787294388,1,87.33177947998047,76.51618167080717
1009,5.157978534698486,0.0011645088670775294,0,32.97230911254883,76.47017395111021
1010,4.770656108856201,0.0011657635914161801,0,38.35256576538086,76.44531945179578
1011,3.1364669799804688,0.0011656434508040547,0,32.808502197265625,76.2123920325212
1012,4.5286688804626465,0.001166657661087811,0,34.08015060424805,75.94928533439813
1013,3.7024741172790527,0.001166948233731091,0,36.22370147705078,75.89011378623178
1014,4.152762413024902,0.0011676143622025847,1,88.1107406616211,76.50855892990006
1015,5.384617805480957,0.0011695286957547069,1,90.19446563720703,77.18868519654633
1016,4.244292259216309,0.001170273870229721,0,55.367706298828125,77.07065066113894
1017,6.739741325378418,0.0011739317560568452,0,55.38297653198242,77.13257213936521
1018,4.366344451904297,0.0011747843818739057,0,45.506595611572266,77.00607118171187
1019,5.682225227355957,0.001177041558548808,1,78.13188934326172,77.41312288914662
1020,3.415489435195923,0.0011771045392379165,0,45.04545593261719,77.41932006650642
1021,3.610006809234619,0.001177312689833343,0,26.03262710571289,77.35756219093268
1022,4.539917469024658,0.0011783260852098465,0,58.658470153808594,77.45122410402043
1023,3.778297185897827,0.0011786652030423284,0,37.33723831176758,77.02530396368535
1024,4.7424163818359375,0.0011798772029578686,0,54.28622055053711,77.07341392109359
1025,3.909553289413452,0.0011803219094872475,0,45.735774993896484,76.92540754707233
1026,5.442800998687744,0.001182290376164019,0,58.71140670776367,76.8300783544683
1027,5.211743354797363,0.0011839951621368527,0,70.3445053100586,76.98047168159867
1028,4.439487457275391,0.0011849061120301485,0,39.50938415527344,76.9381214399865
1029,4.814660549163818,0.0011861852835863829,0,64.36463928222656,77.00454465078595
1030,4.154437065124512,0.001186833716928959,0,40.02167510986328,76.9955235215385
1031,3.5892910957336426,0.0011870161397382617,0,63.396507263183594,76.72342684118023
1032,4.411303997039795,0.0011878976365551353,0,33.57530975341797,76.4036496452332
1033,6.160036563873291,0.001190743176266551,0,51.71893310546875,76.4364324582033
1034,3.73698091506958,0.0011910366592928767,0,47.11188888549805,76.37633796664993
1035,6.655975341796875,0.0011945547303184867,0,61.181800842285156,75.62985344436437
1036,7.258031368255615,0.0011989595368504524,1,99.97160339355469,76.64042402493992
1037,4.3281755447387695,0.0011997518595308065,0,64.41678619384766,76.58986850655656
1038,4.777475833892822,0.0012009780621156096,1,78.72015380859375,77.0056922231042
1039,7.376803398132324,0.001205561333335936,0,70.08438873291016,77.27078593209328
1040,4.32509708404541,0.0012063441099599004,0,44.06440353393555,77.26835775680026
1041,6.52122688293457,0.001209657988511026,0,43.12471389770508,77.1981373691423
1042,3.4201292991638184,0.0012096917489543557,0,36.45407485961914,77.17325737777603
1043,5.16111946105957,0.001211313297972083,0,69.06224822998047,77.39481363390597
1044,4.175368785858154,0.001211955095641315,0,48.36226272583008,77.30296445302899
1045,4.894604206085205,0.001213289680890739,0,75.78509521484375,77.61246076323148
1046,3.276721239089966,0.001213217619806528,0,36.881954193115234,77.55378805321956
1047,4.344915866851807,0.0012140111066401005,0,64.45877075195312,77.59852826854227
1048,5.544569492340088,0.0012160647893324494,0,66.8585433959961,77.80221663774148
1049,3.873603343963623,0.0012164436047896743,0,66.37006378173828,77.35508968104178
1050,4.121428489685059,0.0012170327827334404,0,41.67229080200195,76.94741031062807
1051,3.236400842666626,0.0012169289402663708,0,41.19210433959961,76.91998989862626
1052,4.173088073730469,0.001217563054524362,0,31.056682586669922,76.915794746519
1053,3.8649137020111084,0.0012179332552477717,0,42.29280471801758,76.89952632203641
1054,4.504921913146973,0.0012188726104795933,0,73.69784545898438,77.11054639022571
1055,5.6001715660095215,0.0012209871783852577,1,92.90178680419922,77.53982579079113
1056,3.4070751667022705,0.0012210001004859805,0,51.76946258544922,77.23026785268554
1057,4.082550048828125,0.001221550744958222,0,46.183170318603516,76.29590597850552
1058,4.383466720581055,0.0012223714729771018,0,42.42584991455078,76.18643964754838
1059,5.900660514831543,0.001224850071594119,1,98.38858795166016,77.09817636460834
1060,4.473651885986328,0.0012257525231689215,0,72.89214324951172,77.12927577641048
1061,5.012124061584473,0.00122719700448215,0,48.83235549926758,77.07602468390755
1062,5.307297229766846,0.0012289638398215175,0,67.15884399414062,77.29548404820136
1063,3.0120322704315186,0.0012286992277950048,0,43.89936828613281,77.29544096007187
1064,3.3663597106933594,0.0012286751298233867,0,37.540916442871094,76.42417575020957
1065,3.4594762325286865,0.0012287185527384281,0,43.67472457885742,76.39696713697279
1066,3.698568105697632,0.0012289436999708414,0,27.496658325195312,76.41729315452555
1067,3.633284330368042,0.0012291180901229382,0,38.290016174316406,76.38579445976629
1068,4.664018154144287,0.0012302011018618941,0,32.85857391357422,76.37597438251261
1069,4.7230119705200195,0.001231341972015798,0,43.608253479003906,76.29708346398263
1070,4.519373893737793,0.0012322816764935851,0,66.44061279296875,76.52024353498183
1071,4.148052215576172,0.0012328783050179482,0,36.90977478027344,76.17593559511327
1072,5.754737854003906,0.001235165516845882,0,55.357906341552734,76.1614397432876
1073,4.374006748199463,0.001235963893122971,0,41.55077362060547,76.15304567668947
1074,4.473489761352539,0.001236855168826878,0,61.83736038208008,76.186733463366
1075,3.579934597015381,0.0012369805481284857,0,66.47771453857422,76.39926529802995
1076,4.181331157684326,0.0012376019731163979,1,81.67354583740234,76.90319202592426
1077,4.202346324920654,0.0012382414424791932,1,81.65017700195312,77.385511373626
1078,4.551676273345947,0.0012392053613439202,0,58.66575241088867,76.85862888137308
1079,4.682226657867432,0.0012402964057400823,0,72.2757568359375,77.08125432498328
1080,4.827280044555664,0.0012415330857038498,1,78.9052505493164,77.51263819070084
1081,4.41857385635376,0.0012423667358234525,0,50.17512512207031,77.5207655761325
1082,4.729783535003662,0.0012435022508725524,0,68.31179809570312,77.70214214697317
1083,4.658577919006348,0.0012445655884221196,0,59.10261154174805,77.8019899005779
1084,3.627157211303711,0.0012447194894775748,0,61.92047119140625,77.93878669098129
1085,4.7905354499816895,0.0012459141435101628,0,34.991512298583984,77.92316662814997
1086,4.391326904296875,0.0012467179913073778,0,62.77542495727539,78.05727570939445
1087,4.231460094451904,0.001247374340891838,0,49.47791290283203,78.0793102639927
1088,4.479879379272461,0.001248260261490941,0,54.18433380126953,78.09894285025995
1089,5.819713592529297,0.0012506120838224888,0,44.0876579284668,77.97836675094541
1090,4.191311359405518,0.001251228735782206,0,53.63027572631836,77.53682466783688
1091,5.491509914398193,0.0012531829997897148,0,69.96231842041016,75.89748615479573
1092,4.363353252410889,0.0012539534363895655,0,64.78590393066406,75.5825768533295
1093,6.395233154296875,0.001257046707905829,1,80.21040344238281,75.34676506588121
1094,4.25692892074585,0.0012577158631756902,0,43.38377380371094,74.93568322428277
1095,4.530449867248535,0.0012586398515850306,1,80.24632263183594,75.23569275061136
1096,4.521638870239258,0.001259554410353303,0,74.8782958984375,75.32754525373905
1097,4.17640495300293,0.0012601488269865513,0,72.355224609375,75.33528039677167
1098,5.243231773376465,0.0012618108885362744,1,80.81243133544922,75.55126814823478
1099,3.790719509124756,0.0012620764318853617,0,53.170047760009766,75.60604311353451
1100,5.0182271003723145,0.0012634911108762026,1,87.69523620605469,76.24148093538393
1101,5.669280052185059,0.001265643979422748,0,45.886898040771484,74.82077373774177
1102,4.9476189613342285,0.0012669801944866776,0,56.72355651855469,74.86357568005435
1103,5.030727386474609,0.0012684034882113338,0,71.79346466064453,75.00370937456145
1104,4.330280303955078,0.0012691281735897064,0,54.715057373046875,74.80520975124193
1105,3.92863130569458,0.0012694995384663343,0,52.25688552856445,74.33862246491984
1106,4.38113260269165,0.0012702702078968287,0,31.789688110351562,74.29575829579946
1107,4.010337829589844,0.0012707095593214035,0,45.57392883300781,74.02842775117391
1108,4.641384601593018,0.0012717285426333547,0,73.58272552490234,73.70113719914767
1109,4.890255928039551,0.0012729988666251302,1,87.11001586914062,74.34594188793669
1110,4.104236125946045,0.001273516332730651,0,59.225341796875,74.45414369517272
1111,5.9521918296813965,0.001276008551940322,1,108.76041412353516,75.78525840581064
1112,4.043176174163818,0.0012764701386913657,1,85.1352310180664,76.33517221106648
1113,4.370227813720703,0.0012772239279001951,1,83.40835571289062,76.83585573138339
1114,4.4773640632629395,0.0012780774850398302,1,85.04920196533203,76.75784714343887
1115,5.176669120788574,0.0012796478113159537,1,123.2916030883789,77.95246199262102
1116,3.7359702587127686,0.0012798517709597945,0,59.56308364868164,77.99033860205753
1117,5.22906494140625,0.0012814782094210386,1,131.69873046875,80.0884351385072
1118,4.846572399139404,0.0012826935853809118,0,56.501182556152344,80.14825644168015
1119,4.735630512237549,0.001283794641494751,1,99.45550537109375,80.66360852886508
1120,3.551224946975708,0.0012838513357564807,0,34.077518463134766,80.66599340666204
1121,5.647546291351318,0.0012859576381742954,1,125.57438659667969,82.38235903870678
1122,4.865902900695801,0.0012871883809566498,0,67.06654357910156,82.47259610512731
1123,3.886152744293213,0.0012875065440312028,0,62.459144592285156,82.5855047205159
1124,4.811954975128174,0.0012886801268905401,0,57.60188293457031,82.60967676117059
1125,6.046093463897705,0.0012912771198898554,1,87.67911529541016,83.12600069413075
1126,4.591345310211182,0.001292226486839354,1,88.13985443115234,83.57640754974386
1127,4.088912010192871,0.0012927113566547632,0,52.65346908569336,83.40591158061588
1128,4.103268146514893,0.0012932083336636424,0,79.97123718261719,83.76010671457277
1129,4.45664644241333,0.0012940263841301203,0,78.53109741210938,83.96051124922127
1130,3.6920485496520996,0.00129418121650815,0,72.05615234375,84.17729938539593
1131,4.280313968658447,0.001294834422878921,0,58.493385314941406,84.13308748822864
1132,5.580530643463135,0.001296849804930389,1,93.42101287841797,84.73724403906115
1133,3.2577788829803467,0.0012966811191290617,0,71.18955993652344,84.91131778937647
1134,5.139379978179932,0.0012981919571757317,1,95.5625,85.56272224967475
1135,6.69967794418335,0.0013016648590564728,0,84.36914825439453,85.88572614452394
1136,5.2663774490356445,0.0013033110881224275,0,63.06914520263672,85.21775407663333
1137,5.196916103363037,0.0013048786204308271,0,82.68640899658203,85.48109045276891
1138,3.7807111740112305,0.0013050930574536324,0,70.72238159179688,85.36161503781139
1139,4.224430084228516,0.0013056847965344787,0,80.46574401855469,85.51934042075194
1140,4.580817699432373,0.0013066095998510718,0,70.44635772705078,85.69299763902904
1141,3.80267071723938,0.0013068399857729673,0,51.934139251708984,85.70942717802396
1142,4.931334972381592,0.0013081179931759834,0,63.79515075683594,85.7905749454508
1143,4.341341495513916,0.0013088132254779339,0,81.1139907836914,85.9692299558386
1144,4.624802589416504,0.0013097779592499137,0,77.1245346069336,86.22250977515588
1145,5.86203145980835,0.0013121208176016808,0,75.96248626708984,86.22517679875435
1146,4.984077453613281,0.0013134490000084043,0,52.53791046142578,86.22531857821689
1147,3.366689443588257,0.0013133405009284616,0,48.086753845214844,86.13413131525313
1148,4.680202007293701,0.0013143554097041488,0,70.02306365966797,86.17042831554855
1149,7.814550399780273,0.0013195319334045053,1,112.12421417236328,87.14190090517495
1150,8.06869888305664,0.0013251324417069554,1,129.080810546875,88.785686811435
1151,4.390489101409912,0.0013258563121780753,1,108.18487548828125,89.68585266706376
1152,4.66973876953125,0.0013268484035506845,0,67.25291442871094,89.74632430079832
1153,4.432456016540527,0.0013276097597554326,0,62.72215270996094,89.80735283405299
1154,3.682203531265259,0.0013277234975248575,0,38.3430061340332,89.64363664358095
1155,4.415332794189453,0.001328467857092619,0,67.55379486083984,89.24309176645065
1156,6.262704849243164,0.0013313083909451962,0,73.95081329345703,89.41805548738412
1157,5.406980037689209,0.0013330846559256315,0,76.20897674560547,89.62816385378508
1158,4.740457057952881,0.0013341400772333145,0,46.865787506103516,89.62500215317708
1159,4.375948905944824,0.001334841363132,0,57.14622116088867,89.02081780685722
1160,3.556116819381714,0.001334850792773068,0,43.35488510131836,88.85211437807162
1161,4.334638595581055,0.0013355129631236196,0,72.60681915283203,89.01693252562939
1162,5.695835113525391,0.0013376259012147784,0,83.03291320800781,89.23123851035533
1163,4.1197052001953125,0.001338092377409339,0,47.519134521484375,89.23067413943609
1164,4.152172088623047,0.001338586793281138,0,65.31230163574219,89.29664122473157
1165,5.505612373352051,0.001340470160357654,0,67.17015075683594,89.39223778246384
1166,3.958411931991577,0.001340795191936195,0,54.770233154296875,89.31286566333249
1167,4.662932872772217,0.0013417656300589442,1,98.40462493896484,89.90262604729656
1168,4.151318073272705,0.0013422556221485138,0,68.85517883300781,89.94320798913967
1169,4.125614643096924,0.0013427225640043616,0,56.65633010864258,89.95048793044711
1170,6.419227123260498,0.0013457597233355045,1,106.09514617919922,90.66571565832352
1171,4.074065208435059,0.0013461781200021505,0,67.94981384277344,90.71011777175907
1172,6.199325084686279,0.0013489171396940947,0,42.778839111328125,90.71363957233889
1173,5.301069259643555,0.0013505552196875215,0,63.3862190246582,90.74291462951652
